"关卡","波次","名称","人数","初始生命","初始护盾","纯物理静态承伤量","首末出兵间隔秒","4秒峰值出兵数","4秒峰值承伤量","重甲或结界数","支援补盾电磁数","击杀收入上限","清波补给","波后准备秒","编成"
"1","1","第 1 波 · 巡逻斥候","4","80","0","80","5.4","3","60","0","0","40","22","8","{""grunt"":4}"
"1","2","第 2 波 · 小队集结","10","220","0","220","4.5","8","176","0","0","60","26","8","{""grunt"":10}"
"1","3","第 3 波 · 前后段协防","24","496","0","496","4.14","23","480","0","0","152","30","6","{""grunt"":16,""runner"":8}"
"1","4","第 4 波 · 防线检验","32","698","0","698","4.34","29","633","0","0","202","34","0","{""grunt"":22,""runner"":10}"
"2","1","第 1 波 · 巡逻小队","6","120","0","120","4.5","5","99","0","0","37","25","3.5","{""grunt"":5,""runner"":1}"
"2","2","第 2 波 · 巡逻小队","12","246","0","246","5.5","8","164","0","0","75","28","3.5","{""grunt"":9,""runner"":3}"
"2","3","第 3 波 · 巡逻小队","24","534","0","534","4.14","23","517","0","0","150","31","3.5","{""grunt"":18,""runner"":6}"
"2","4","第 4 波 · 防线检验","32","744","0","744","4.34","29","676","0","0","200","34","0","{""grunt"":24,""runner"":8}"
"3","1","第 1 波 · 巡逻小队","8","164","0","164","6.3","5","104","0","0","50","25","3.5","{""grunt"":6,""runner"":2}"
"3","2","第 2 波 · 巡逻小队","14","315","0","315","6.5","8","178","0","0","87","28","3.5","{""grunt"":11,""runner"":3}"
"3","3","群袭小队 · 练习范围清场","24","537","0","537","4.14","23","526","0","0","145","31","3.5","{""grunt"":17,""runner"":5,""swarm"":2}"
"3","4","群袭小队 · 练习范围清场","34","779","0","779","4.62","29","705","0","0","203","34","0","{""grunt"":23,""runner"":7,""swarm"":4}"
"4","1","第 1 波 · 巡逻小队","8","170","0","170","6.3","5","108","0","0","50","25","3.5","{""grunt"":6,""runner"":2}"
"4","2","第 2 波 · 巡逻小队","12","276","0","276","5.5","8","184","0","0","75","28","3.5","{""grunt"":9,""runner"":3}"
"4","3","第 3 波 · 巡逻小队","16","364","0","364","4.5","14","340","0","0","95","31","3.5","{""grunt"":11,""runner"":3,""swarm"":2}"
"4","4","第 4 波 · 巡逻小队","22","502","0","502","3.78","22","502","0","0","128","34","3.5","{""grunt"":14,""runner"":4,""swarm"":4}"
"4","5","第 5 波 · 防线检验","28","694","0","694","3.78","28","694","0","0","166","37","0","{""grunt"":18,""runner"":6,""swarm"":4}"
"5","1","第 1 波 · 巡逻小队","8","178","0","178","6.3","5","113","0","0","50","25","3.5","{""grunt"":6,""runner"":2}"
"5","2","第 2 波 · 巡逻小队","12","288","0","288","5.5","8","192","0","0","75","28","3.5","{""grunt"":9,""runner"":3}"
"5","3","第 3 波 · 巡逻小队","18","424","0","424","5.1","14","354","0","0","108","31","3.5","{""grunt"":12,""runner"":4,""swarm"":2}"
"5","4","第 4 波 · 巡逻小队","24","572","0","572","4.14","23","559","0","0","141","34","3.5","{""grunt"":15,""runner"":5,""swarm"":4}"
"5","5","小首领 · 裂殖先锋","28","865","0","865","7.26","16","485","0","0","208","37","0","{""grunt"":17,""runner"":6,""裂殖先锋"":1,""swarm"":4}"
"6","1","急行突袭","6","96","0","96","6.209","4","72","0","0","48","25","3.5","{""grunt"":2,""runner"":3,""swarm"":1}"
"6","2","护卫纵队","8","162","0","162","8.387","4","84","0","0","64","28","3.5","{""grunt"":4,""swarm"":1,""runner"":3}"
"6","3","密集围攻","9","199","0","199","9.235","4","97","0","0","64","31","3.5","{""grunt"":5,""swarm"":3,""runner"":1}"
"6","4","重装推进","11","290","0","290","11.107","4","119","0","0","90","34","3.5","{""grunt"":5,""runner"":5,""swarm"":1}"
"6","5","联合攻势","12","288","0","288","11.737","4","134","0","0","81","37","3.5","{""swarm"":6,""grunt"":3,""runner"":3}"
"6","6","决胜波次","14","448","0","448","13.304","4","145","0","0","116","40","0","{""runner"":7,""grunt"":6,""swarm"":1}"
"7","1","护卫纵队","7","147","0","147","6.663","4","88","0","0","57","25","3.5","{""grunt"":6,""runner"":1}"
"7","2","密集围攻","9","156","0","156","8.565","4","76","0","0","58","28","3.5","{""swarm"":5,""runner"":1,""grunt"":3}"
"7","3","重装推进","10","278","40","318","9.278","4","181","1","0","87","31","3.5","{""runner"":4,""swarm"":1,""grunt"":4,""shield"":1}"
"7","4","联合攻势","12","412","92","504","10.903","5","241","2","0","105","34","3.5","{""grunt"":5,""shield"":2,""runner"":3,""swarm"":2}"
"7","5","急行突袭","13","502","102","604","11.417","5","340","2","0","118","37","3.5","{""grunt"":5,""runner"":5,""shield"":2,""swarm"":1}"
"7","6","决胜波次","15","663","110","773","12.763","5","366","2","0","131","40","0","{""shield"":2,""runner"":2,""grunt"":10,""swarm"":1}"
"8","1","密集围攻","8","164","31","195","6.881","5","133","1","0","62","25","3.5","{""grunt"":3,""runner"":1,""swarm"":3,""shield"":1}"
"8","2","重装推进","9","248","37","285","7.578","5","196","1","0","77","28","3.5","{""grunt"":5,""swarm"":1,""runner"":2,""shield"":1}"
"8","3","联合攻势","11","387","129","516","9.114","5","385","3","0","103","31","3.5","{""shield"":3,""grunt"":3,""runner"":3,""swarm"":2}"
"8","4","急行突袭","13","431","49","480","10.506","5","248","1","0","113","34","3.5","{""runner"":6,""grunt"":5,""swarm"":1,""shield"":1}"
"8","5","护卫纵队","15","1020","605","1625","11.756","5","685","11","0","185","37","3.5","{""shield"":11,""runner"":2,""swarm"":1,""grunt"":1}"
"8","6","决胜波次","16","543","59","602","12.058","5","299","1","0","111","40","0","{""swarm"":8,""grunt"":6,""shield"":1,""runner"":1}"
"9","1","重装推进","8","172","0","172","6.017","5","113","0","0","62","25","3.5","{""grunt"":6,""runner"":1,""swarm"":1}"
"9","2","联合攻势","10","321","117","438","7.449","5","333","3","0","90","28","3.5","{""swarm"":3,""runner"":1,""shield"":3,""grunt"":3}"
"9","3","急行突袭","12","480","45","704.524","9.151","6","520.524","2","0","112","31","3.5","{""grunt"":5,""swarm"":1,""runner"":4,""shield"":1,""tank"":1}"
"9","4","护卫纵队","14","959","312","1679.762","10.693","6","1091.762","8","0","164","34","3.5","{""shield"":6,""tank"":2,""grunt"":4,""runner"":1,""swarm"":1}"
"9","5","密集围攻","16","836","58","1355.238","11.71","6","556.619","3","0","135","37","3.5","{""grunt"":6,""tank"":2,""swarm"":6,""runner"":1,""shield"":1}"
"9","6","决胜波次","18","1117","62","1673.381","12.599","6","979.381","3","0","166","40","0","{""tank"":2,""grunt"":13,""runner"":1,""swarm"":1,""shield"":1}"
"10","1","联合攻势","9","243","102","345","5.92","6","291","3","0","84","25","3.5","{""runner"":3,""swarm"":3,""shield"":3}"
"10","2","急行突袭","11","318","41","359","7.12","6","239","1","0","95","28","3.5","{""runner"":4,""swarm"":1,""grunt"":5,""shield"":1}"
"10","3","护卫纵队","13","1243","240","2618.143","9.918","6","1218.571","11","0","189","31","3.5","{""tank"":6,""shield"":5,""grunt"":1,""runner"":1}"
"10","4","密集围攻","15","606","55","877.81","9.512","7","534.81","2","0","115","34","3.5","{""swarm"":7,""tank"":1,""grunt"":5,""runner"":1,""shield"":1}"
"10","5","重装推进","17","2362","62","5357.143","13.816","5","2107.143","13","0","248","37","3.5","{""tank"":12,""grunt"":2,""runner"":1,""swarm"":1,""shield"":1}"
"10","6","小首领 · 重甲队长","15","855","0","1460.316","7.35","9","1286.316","1","0","147","40","0","{""runner"":7,""swarm"":4,""重甲队长"":1,""grunt"":3}"
"11","1","急行突袭","9","230","35","265","5.808","6","201","1","0","77","25","3.5","{""grunt"":5,""swarm"":1,""runner"":2,""shield"":1}"
"11","2","护卫纵队","11","492","210","702","6.98","6","408","5","0","119","28","3.5","{""shield"":5,""grunt"":5,""runner"":1}"
"11","3","密集围攻","13","473","0","666.333","8.375","6","478.333","1","0","99","31","3.5","{""grunt"":6,""tank"":1,""swarm"":5,""runner"":1}"
"11","4","重装推进","15","1946","56","4447.667","12.198","5","1673.333","12","0","223","34","3.5","{""tank"":11,""grunt"":1,""runner"":1,""swarm"":1,""shield"":1}"
"11","5","联合攻势","17","1214","189","2152.857","10.745","7","1655.857","6","0","176","37","3.5","{""grunt"":4,""runner"":4,""swarm"":3,""shield"":3,""tank"":3}"
"11","6","决胜波次","19","986","68","1321.905","10.841","7","855.905","2","0","169","40","0","{""runner"":8,""swarm"":2,""grunt"":7,""shield"":1,""tank"":1}"
"12","1","护卫纵队","10","368","140","508","6.408","6","342","4","0","104","25","3.5","{""grunt"":6,""shield"":4}"
"12","2","密集围攻","12","290","0","290","7.524","6","158","0","0","82","28","3.5","{""swarm"":5,""grunt"":6,""runner"":1}"
"12","3","重装推进","14","1585","50","3609.762","11.48","5","1486.905","11","0","206","31","3.5","{""tank"":10,""grunt"":1,""runner"":1,""swarm"":1,""shield"":1}"
"12","4","联合攻势","16","1193","171","2269.905","10.362","7","1129.952","7","0","176","34","3.5","{""tank"":4,""runner"":3,""grunt"":3,""swarm"":3,""shield"":3}"
"12","5","急行突袭","18","901","65","1222.857","10.5","7","816.857","2","0","160","37","3.5","{""grunt"":7,""swarm"":2,""runner"":7,""shield"":1,""tank"":1}"
"12","6","决胜波次","20","2641","621","5460.476","12.87","6","1940.429","17","0","284","40","0","{""shield"":9,""tank"":8,""grunt"":1,""runner"":1,""swarm"":1}"
"13","1","密集围攻","10","237","36","273","6.282","6","195","1","0","74","25","3.5","{""grunt"":5,""swarm"":4,""shield"":1}"
"13","2","重装推进","12","417","43","460","7.37","6","268","1","0","102","28","3.5","{""grunt"":11,""shield"":1}"
"13","3","联合攻势","14","967","102","1702.607","9.309","7","1440.607","5","0","154","31","3.5","{""shield"":2,""tank"":3,""regenerator"":1,""grunt"":5,""runner"":2,""swarm"":1}"
"13","4","急行突袭","16","822","59","947","7.368","9","599","1","0","145","34","3.5","{""runner"":6,""regenerator"":2,""grunt"":6,""swarm"":1,""shield"":1}"
"13","5","护卫纵队","18","2330","396","4637.167","9.61","8","2348.774","13","0","249","37","3.5","{""tank"":7,""grunt"":1,""shield"":6,""runner"":1,""swarm"":1,""regenerator"":2}"
"13","6","密集围攻","20","1063","71","1213.5","8.482","9","805.5","1","0","152","40","3.5","{""swarm"":8,""runner"":2,""grunt"":7,""shield"":1,""regenerator"":2}"
"13","7","决胜波次","22","2559","75","4806.5","10.176","9","2568.393","8","0","248","43","0","{""regenerator"":2,""swarm"":2,""tank"":7,""shield"":1,""grunt"":9,""runner"":1}"
"14","1","重装推进","10","494","36","612","6.156","6","361","1","0","100","25","3.5","{""regenerator"":4,""runner"":1,""grunt"":3,""swarm"":1,""shield"":1}"
"14","2","联合攻势","12","441","132","573","7.216","7","462","3","0","105","28","3.5","{""swarm"":3,""shield"":3,""grunt"":6}"
"14","3","急行突袭","14","760","52","1047.012","8.478","7","618.762","2","1","146","31","3.5","{""grunt"":6,""shield"":1,""runner"":4,""tank"":1,""support"":1,""regenerator"":1}"
"14","4","护卫纵队","16","1592","120","2933.369","8.4","8","1637.321","7","2","212","34","3.5","{""grunt"":5,""tank"":5,""shield"":2,""regenerator"":1,""support"":2,""runner"":1}"
"14","5","密集围攻","18","966","68","1072","7.779","9","622","1","2","159","37","3.5","{""grunt"":7,""support"":2,""swarm"":6,""regenerator"":1,""runner"":1,""shield"":1}"
"14","6","重装推进","20","3141","72","5783.357","10.01","9","2758.929","9","1","278","40","3.5","{""tank"":8,""regenerator"":7,""grunt"":2,""runner"":1,""support"":1,""shield"":1}"
"14","7","决胜波次","22","2155","154","3349.429","9.288","10","2433.429","5","2","243","43","0","{""grunt"":6,""runner"":3,""swarm"":3,""shield"":2,""support"":2,""tank"":3,""regenerator"":3}"
"15","1","联合攻势","10","300","111","411","6.03","6","345","3","0","91","25","3.5","{""runner"":2,""swarm"":3,""shield"":3,""grunt"":2}"
"15","2","急行突袭","12","468","45","538.25","7.062","7","310.25","1","0","110","28","3.5","{""runner"":4,""shield"":1,""grunt"":6,""regenerator"":1}"
"15","3","护卫纵队","14","1154","212","2025.464","8.903","7","1178.56","7","1","179","31","3.5","{""shield"":4,""tank"":3,""grunt"":4,""support"":1,""regenerator"":1,""runner"":1}"
"15","4","密集围攻","16","674","0","708.25","7.032","9","500.25","0","1","123","34","3.5","{""swarm"":7,""support"":1,""grunt"":6,""regenerator"":1,""runner"":1}"
"15","5","重装推进","18","2702","69","4967.667","8.928","8","2482.238","8","0","239","37","3.5","{""regenerator"":7,""tank"":7,""grunt"":1,""runner"":1,""swarm"":1,""shield"":1}"
"15","6","联合攻势","20","1931","222","3155.786","8.692","10","2199.786","6","0","211","40","3.5","{""regenerator"":3,""grunt"":5,""runner"":3,""swarm"":3,""shield"":3,""tank"":3}"
"15","7","小首领 · 菌甲督军","18","1664","0","1708","6.372","12","1437","0","2","205","43","0","{""grunt"":7,""runner"":6,""swarm"":1,""菌甲督军"":1,""support"":2,""regenerator"":1}"
"16","1","急行突袭","10","261","37","298","5.904","7","230","1","0","87","25","3.5","{""grunt"":4,""runner"":4,""swarm"":1,""shield"":1}"
"16","2","护卫纵队","12","492","138","630","6.908","7","478","3","0","111","28","3.5","{""grunt"":8,""swarm"":1,""shield"":3}"
"16","3","密集围攻","14","764","54","1060.917","8.1","7","735.667","2","0","125","31","3.5","{""swarm"":4,""shield"":1,""splitter"":1,""tank"":1,""grunt"":6,""regenerator"":1}"
"16","4","重装推进","16","2212","0","3887.071","8.237","9","2079.214","6","0","218","34","3.5","{""tank"":6,""regenerator"":6,""grunt"":2,""splitter"":2}"
"16","5","联合攻势","18","1312","0","1429.75","7.398","10","1142.75","0","1","173","37","3.5","{""grunt"":6,""support"":1,""splitter"":2,""regenerator"":3,""runner"":3,""swarm"":3}"
"16","6","急行突袭","20","1452","74","1861.893","7.843","10","1138.143","2","0","195","40","3.5","{""runner"":7,""splitter"":2,""grunt"":7,""regenerator"":1,""swarm"":1,""shield"":1,""tank"":1}"
"16","7","决胜波次","22","2795","395","5106.821","9.174","10","2523.286","11","1","279","43","0","{""grunt"":6,""regenerator"":1,""tank"":6,""shield"":5,""runner"":1,""support"":1,""swarm"":1,""splitter"":1}"
"17","1","护卫纵队","10","380","114","494","5.778","7","423","3","1","106","25","3.5","{""grunt"":5,""swarm"":1,""shield"":3,""support"":1}"
"17","2","密集围攻","12","563","46","609","6.754","7","373","1","0","114","28","3.5","{""grunt"":6,""shield"":1,""swarm"":2,""splitter"":3}"
"17","3","重装推进","14","1692","0","2952.143","9.083","6","1460.286","5","0","187","31","3.5","{""regenerator"":6,""tank"":5,""grunt"":2,""splitter"":1}"
"17","4","联合攻势","16","1539","0","2138.381","7.142","9","1468.381","2","2","200","34","3.5","{""tank"":2,""support"":2,""grunt"":4,""splitter"":3,""regenerator"":3,""runner"":2}"
"17","5","急行突袭","18","1045","70","1154.5","7.208","10","700.5","1","0","164","37","3.5","{""grunt"":7,""splitter"":1,""runner"":7,""regenerator"":1,""swarm"":1,""shield"":1}"
"17","6","护卫纵队","20","2362","450","4338.524","8.634","9","2264.714","11","1","254","40","3.5","{""shield"":6,""regenerator"":1,""grunt"":5,""support"":1,""tank"":5,""runner"":1,""swarm"":1}"
"17","7","决胜波次","22","1945","79","2338.857","8.153","11","1547.857","2","0","219","43","0","{""splitter"":7,""grunt"":7,""runner"":1,""swarm"":5,""shield"":1,""tank"":1}"
"18","1","密集围攻","10","410","39","449","5.652","7","337","1","0","98","25","3.5","{""splitter"":3,""shield"":1,""grunt"":4,""swarm"":2}"
"18","2","重装推进","12","820","0","951.25","6.6","7","680","0","0","122","28","3.5","{""grunt"":6,""regenerator"":5,""splitter"":1}"
"18","3","联合攻势","14","1247","110","1852.119","8.008","7","1194.619","4","1","180","31","3.5","{""shield"":2,""support"":1,""tank"":2,""splitter"":3,""grunt"":3,""regenerator"":2,""runner"":1}"
"18","4","急行突袭","16","790","0","825.25","6.528","10","610.25","0","0","142","34","3.5","{""runner"":7,""splitter"":1,""grunt"":6,""regenerator"":1,""swarm"":1}"
"18","5","护卫纵队","18","2079","355","3882.571","8.05","9","2160.143","10","1","232","37","3.5","{""tank"":5,""regenerator"":1,""shield"":5,""grunt"":4,""runner"":1,""swarm"":1,""support"":1}"
"18","6","密集围攻","20","1553","75","1927.667","7.613","11","1347.667","2","0","188","40","3.5","{""swarm"":6,""grunt"":6,""splitter"":5,""runner"":1,""shield"":1,""tank"":1}"
"18","7","决胜波次","22","3901","80","6926.952","9.016","10","3440.095","9","1","305","43","0","{""regenerator"":9,""runner"":1,""tank"":8,""swarm"":1,""shield"":1,""support"":1,""splitter"":1}"
"19","1","重装推进","10","568","0","656","5.526","7","488","0","0","102","25","3.5","{""regenerator"":4,""grunt"":5,""splitter"":1}"
"19","2","联合攻势","12","632","94","752.5","6.446","7","587.5","2","2","134","28","3.5","{""swarm"":2,""support"":2,""shield"":2,""splitter"":1,""grunt"":4,""regenerator"":1}"
"19","3","急行突袭","14","634","0","665","7.254","8","477","0","0","124","31","3.5","{""grunt"":6,""splitter"":1,""runner"":5,""regenerator"":1,""swarm"":1}"
"19","4","护卫纵队","16","1584","252","2877.083","7.208","9","1576.417","8","1","201","34","3.5","{""grunt"":4,""regenerator"":1,""tank"":4,""shield"":4,""runner"":1,""support"":1,""swarm"":1}"
"19","5","密集围攻","18","1320","71","1675.476","7.028","10","1270.476","2","0","169","37","3.5","{""grunt"":6,""swarm"":5,""runner"":1,""splitter"":4,""shield"":1,""tank"":1}"
"19","6","重装推进","20","3361","76","6144.631","8.722","10","3314.738","9","1","281","40","3.5","{""tank"":8,""runner"":1,""regenerator"":7,""swarm"":1,""shield"":1,""support"":1,""splitter"":1}"
"19","7","决胜波次","22","2421","240","3753.75","8.028","11","2583.25","6","0","238","43","0","{""regenerator"":3,""swarm"":3,""grunt"":6,""shield"":3,""runner"":2,""tank"":3,""splitter"":2}"
"20","1","联合攻势","10","434","80","536.25","5.4","7","441.25","2","1","109","25","3.5","{""runner"":2,""support"":1,""swarm"":2,""splitter"":1,""shield"":2,""regenerator"":1,""grunt"":1}"
"20","2","急行突袭","12","500","0","527","6.292","7","380","0","0","111","28","3.5","{""runner"":5,""splitter"":1,""grunt"":5,""regenerator"":1}"
"20","3","护卫纵队","14","1118","280","1874.167","7.616","7","1170.667","7","1","173","31","3.5","{""shield"":5,""regenerator"":1,""grunt"":3,""support"":1,""tank"":2,""runner"":1,""swarm"":1}"
"20","4","密集围攻","16","1106","64","1424.095","6.398","10","1040.095","2","0","156","34","3.5","{""splitter"":4,""grunt"":5,""runner"":1,""swarm"":4,""shield"":1,""tank"":1}"
"20","5","重装推进","18","2820","72","5136","7.808","10","3097.286","8","1","252","37","3.5","{""regenerator"":6,""runner"":1,""tank"":7,""swarm"":1,""shield"":1,""support"":1,""splitter"":1}"
"20","6","联合攻势","20","2106","231","3073.619","7.36","11","1661.81","5","0","219","40","3.5","{""splitter"":3,""swarm"":3,""regenerator"":3,""shield"":3,""grunt"":4,""tank"":2,""runner"":2}"
"20","7","急行突袭","22","1638","81","2086.262","7.43","12","1406.262","2","0","209","43","3.5","{""grunt"":10,""shield"":1,""runner"":8,""tank"":1,""splitter"":1,""regenerator"":1}"
"20","8","章节首领","25","4382","794","8158.516","10.365","12","4428.659","15","1","411","46","0","{""tank"":7,""shield"":7,""grunt"":5,""splitter"":1,""regenerator"":1,""重装开路巨像"":1,""runner"":1,""support"":1,""swarm"":1}"
"21","1","急行突袭","10","376","41","439.75","5.4","7","357.75","1","0","92","25","3.5","{""grunt"":6,""shield"":1,""runner"":2,""regenerator"":1}"
"21","2","护卫纵队","12","793","343","1163.25","6.292","7","725.25","7","1","153","28","3.5","{""shield"":7,""support"":1,""regenerator"":1,""grunt"":3}"
"21","3","密集围攻","14","938","0","1195.095","7.344","8","799.095","1","1","142","31","3.5","{""swarm"":4,""regenerator"":1,""splitter"":3,""sprinter"":1,""grunt"":3,""tank"":1,""support"":1}"
"21","4","重装推进","16","2268","65","4093.143","7.43","9","2432.929","7","0","212","34","3.5","{""tank"":6,""sprinter"":2,""regenerator"":6,""shield"":1,""grunt"":1}"
"21","5","联合攻势","19","2140","365","3493.857","7.613","10","2249.857","8","0","221","37","3.5","{""sprinter"":2,""shield"":5,""tank"":3,""grunt"":6,""regenerator"":3}"
"21","6","急行突袭","21","1656","77","2389.643","7.728","11","1369.071","3","0","202","40","3.5","{""runner"":6,""tank"":2,""sprinter"":2,""grunt"":9,""regenerator"":1,""shield"":1}"
"21","7","护卫纵队","23","3143","410","5592.143","8.64","11","3315.095","11","2","298","43","3.5","{""sprinter"":2,""support"":2,""tank"":6,""regenerator"":2,""shield"":5,""grunt"":6}"
"21","8","决胜波次","25","2567","172","3178.476","7.918","13","2033.976","3","1","255","46","0","{""grunt"":7,""regenerator"":2,""swarm"":5,""sprinter"":2,""splitter"":5,""shield"":2,""tank"":1,""support"":1}"
"22","1","护卫纵队","10","566","164","752.75","5.4","7","616.75","4","2","130","25","3.5","{""sprinter"":3,""support"":2,""shield"":4,""regenerator"":1}"
"22","2","密集围攻","12","658","98","783.25","6.292","7","522","2","0","118","28","3.5","{""grunt"":4,""regenerator"":1,""swarm"":2,""sprinter"":1,""splitter"":2,""shield"":2}"
"22","3","重装推进","14","1782","57","3156.476","8.432","7","1683.286","6","0","187","31","3.5","{""regenerator"":6,""sprinter"":2,""tank"":5,""shield"":1}"
"22","4","联合攻势","16","1823","195","2934.571","6.811","10","2030.071","6","0","189","34","3.5","{""regenerator"":4,""shield"":3,""sprinter"":6,""tank"":3}"
"22","5","急行突袭","19","1560","73","2251.238","7.418","11","1364.619","3","0","184","37","3.5","{""grunt"":5,""tank"":2,""runner"":4,""sprinter"":6,""regenerator"":1,""shield"":1}"
"22","6","护卫纵队","21","2863","539","5021.857","8.28","10","2924.286","12","2","285","40","3.5","{""shield"":7,""support"":2,""sprinter"":5,""regenerator"":2,""tank"":5}"
"22","7","密集围攻","23","2428","164","3008.524","7.776","12","1846.524","3","1","248","43","3.5","{""splitter"":6,""regenerator"":2,""grunt"":5,""sprinter"":2,""swarm"":4,""shield"":2,""tank"":1,""support"":1}"
"22","8","决胜波次","25","4990","172","9365.738","9.373","11","4223.381","13","0","347","46","0","{""tank"":11,""sprinter"":3,""regenerator"":9,""shield"":2}"
"23","1","密集围攻","10","500","41","563.75","5.4","7","403.75","1","0","102","25","3.5","{""splitter"":3,""regenerator"":1,""grunt"":2,""sprinter"":1,""swarm"":2,""shield"":1}"
"23","2","重装推进","12","972","294","1375","6.292","7","896.75","6","0","148","28","3.5","{""shield"":6,""sprinter"":2,""regenerator"":4}"
"23","3","联合攻势","14","1307","171","2024.19","7.616","8","1163.095","5","0","160","31","3.5","{""sprinter"":6,""shield"":3,""regenerator"":3,""tank"":2}"
"23","4","急行突袭","16","1117","65","1475.357","6.398","10","1051.357","2","0","150","34","3.5","{""sprinter"":6,""tank"":1,""grunt"":4,""runner"":3,""regenerator"":1,""shield"":1}"
"23","5","护卫纵队","19","2524","365","4661.714","8.003","10","2462.857","11","2","262","37","3.5","{""tank"":6,""support"":2,""shield"":5,""regenerator"":1,""sprinter"":5}"
"23","6","密集围攻","21","1898","77","2368.571","7.544","11","1551.071","2","1","208","40","3.5","{""swarm"":6,""regenerator"":2,""splitter"":4,""sprinter"":2,""grunt"":4,""shield"":1,""tank"":1,""support"":1}"
"23","7","重装推进","23","4263","164","7761.714","8.986","11","3774.619","11","0","313","43","3.5","{""regenerator"":9,""sprinter"":3,""tank"":9,""shield"":2}"
"23","8","决胜波次","25","3583","430","5625.405","8.403","12","3275.429","9","1","297","46","0","{""sprinter"":10,""shield"":5,""regenerator"":5,""tank"":4,""support"":1}"
"24","1","重装推进","11","751","205","1047","6","7","749.25","5","0","134","25","3.5","{""regenerator"":4,""sprinter"":2,""shield"":5}"
"24","2","联合攻势","13","953","245","1279.75","6.864","7","738.25","5","1","157","28","3.5","{""shield"":5,""sprinter"":4,""support"":1,""regenerator"":3}"
"24","3","急行突袭","15","924","57","1238.095","7.888","8","792.095","2","0","143","31","3.5","{""runner"":4,""tank"":1,""sprinter"":6,""grunt"":2,""regenerator"":1,""shield"":1}"
"24","4","护卫纵队","17","1963","260","3543.786","7.637","9","2031.571","9","2","231","34","3.5","{""sprinter"":5,""support"":2,""tank"":5,""regenerator"":1,""shield"":4}"
"24","5","密集围攻","20","1793","73","2236.619","7.613","11","1436.619","2","1","206","37","3.5","{""grunt"":5,""regenerator"":2,""swarm"":4,""sprinter"":2,""splitter"":4,""shield"":1,""tank"":1,""support"":1}"
"24","6","重装推进","22","3853","154","7114.143","9.384","10","3372.357","11","0","301","40","3.5","{""tank"":9,""sprinter"":3,""regenerator"":8,""shield"":2}"
"24","7","联合攻势","24","3588","328","6093.143","8.986","12","2929.571","10","1","301","43","3.5","{""tank"":6,""shield"":4,""sprinter"":8,""support"":1,""regenerator"":5}"
"24","8","决胜波次","26","2453","86","3320.952","8.403","13","1745.976","3","0","246","46","0","{""grunt"":6,""tank"":2,""runner"":6,""sprinter"":9,""regenerator"":2,""shield"":1}"
"25","1","联合攻势","11","671","246","962.5","6","7","653","6","0","132","25","3.5","{""shield"":6,""sprinter"":3,""regenerator"":2}"
"25","2","急行突袭","13","600","49","676.25","6.864","7","444.25","1","0","117","28","3.5","{""grunt"":4,""shield"":1,""runner"":3,""sprinter"":4,""regenerator"":1}"
"25","3","护卫纵队","15","1422","285","2414.286","8.432","7","1353.19","8","2","203","31","3.5","{""shield"":5,""support"":2,""sprinter"":4,""regenerator"":1,""tank"":3}"
"25","4","密集围攻","17","1457","65","1851.857","6.811","10","1250.357","2","1","185","34","3.5","{""splitter"":4,""regenerator"":2,""grunt"":4,""sprinter"":1,""swarm"":3,""shield"":1,""tank"":1,""support"":1}"
"25","5","重装推进","20","3212","146","5706.333","8.784","9","3153.095","9","0","267","37","3.5","{""regenerator"":8,""sprinter"":3,""tank"":7,""shield"":2}"
"25","6","联合攻势","22","3116","462","5547.929","8.832","11","2662.214","12","1","289","40","3.5","{""shield"":6,""tank"":6,""sprinter"":6,""regenerator"":3,""support"":1}"
"25","7","急行突袭","24","2237","82","3060.048","8.294","12","1591.524","3","0","228","43","3.5","{""sprinter"":9,""tank"":2,""grunt"":6,""runner"":4,""regenerator"":2,""shield"":1}"
"25","8","小首领 · 霜原追猎长","22","3492","516","5474.905","7.214","13","3145.952","10","2","318","46","0","{""tank"":4,""support"":2,""shield"":6,""regenerator"":2,""sprinter"":7,""霜原追猎长"":1}"
"26","1","急行突袭","11","461","41","524.75","6","7","379.75","1","0","100","25","3.5","{""sprinter"":5,""shield"":1,""grunt"":2,""runner"":2,""regenerator"":1}"
"26","2","护卫纵队","13","905","392","1324.25","6.864","7","738.25","8","1","167","28","3.5","{""shield"":8,""support"":1,""regenerator"":1,""sprinter"":3}"
"26","3","密集围攻","15","1083","57","1397.095","7.888","8","898.095","2","1","162","31","3.5","{""swarm"":4,""regenerator"":1,""splitter"":4,""sprinter"":1,""grunt"":2,""shield"":1,""tank"":1,""support"":1}"
"26","4","重装推进","17","2470","65","4552","8.05","9","2545.929","8","0","229","34","3.5","{""tank"":7,""sprinter"":3,""regenerator"":6,""shield"":1}"
"26","5","联合攻势","20","2482","365","4124.476","8.003","11","2328.857","9","1","249","37","3.5","{""sprinter"":7,""shield"":5,""tank"":4,""support"":1,""regenerator"":3}"
"26","6","急行突袭","22","1828","77","2561.643","8.096","11","1426.071","3","0","210","40","3.5","{""runner"":6,""tank"":2,""sprinter"":8,""grunt"":4,""regenerator"":1,""shield"":1}"
"26","7","护卫纵队","24","3504","410","6277.667","8.986","11","3357.095","12","2","315","43","3.5","{""sprinter"":8,""support"":2,""tank"":7,""regenerator"":2,""shield"":5}"
"26","8","决胜波次","26","2780","172","3733.952","8.242","13","1977.976","4","1","269","46","0","{""grunt"":6,""regenerator"":2,""swarm"":6,""sprinter"":2,""splitter"":5,""shield"":2,""tank"":2,""support"":1}"
"27","1","护卫纵队","11","627","205","854.75","6","7","616.75","5","2","144","25","3.5","{""sprinter"":3,""support"":2,""shield"":5,""regenerator"":1}"
"27","2","密集围攻","13","675","98","800.25","6.864","7","522","2","0","123","28","3.5","{""grunt"":4,""regenerator"":1,""swarm"":3,""sprinter"":1,""splitter"":2,""shield"":2}"
"27","3","重装推进","15","1910","57","3316.476","8.976","7","1683.286","6","0","199","31","3.5","{""regenerator"":7,""sprinter"":2,""tank"":5,""shield"":1}"
"27","4","联合攻势","17","1920","260","3096.571","7.224","10","2030.071","7","0","203","34","3.5","{""regenerator"":4,""shield"":4,""sprinter"":6,""tank"":3}"
"27","5","急行突袭","20","1633","73","2324.238","7.808","11","1364.619","3","0","192","37","3.5","{""grunt"":5,""tank"":2,""runner"":4,""sprinter"":7,""regenerator"":1,""shield"":1}"
"27","6","护卫纵队","22","2967","539","5125.857","8.648","10","2924.286","12","3","304","40","3.5","{""shield"":7,""support"":3,""sprinter"":5,""regenerator"":2,""tank"":5}"
"27","7","密集围攻","24","2489","164","3069.524","8.122","12","1846.524","3","1","256","43","3.5","{""splitter"":6,""regenerator"":2,""grunt"":6,""sprinter"":2,""swarm"":4,""shield"":2,""tank"":1,""support"":1}"
"27","8","决胜波次","26","5106","172","9481.738","9.858","11","4223.381","13","1","366","46","0","{""tank"":11,""sprinter"":3,""regenerator"":9,""shield"":2,""support"":1}"
"28","1","密集围攻","11","541","41","604.75","6","7","403.75","1","0","110","25","3.5","{""splitter"":3,""regenerator"":1,""grunt"":2,""sprinter"":2,""swarm"":2,""shield"":1}"
"28","2","重装推进","13","1045","343","1497","6.864","7","823.75","7","0","162","28","3.5","{""shield"":7,""sprinter"":2,""regenerator"":4}"
"28","3","联合攻势","15","1459","242","2247.19","8.16","8","1268.19","6","2","187","31","3.5","{""tank"":2,""shield"":3,""sprinter"":5,""support"":1,""regenerator"":3,""warder"":1}"
"28","4","急行突袭","17","1387","227","1907.357","6.811","10","1418.357","4","2","173","34","3.5","{""sprinter"":6,""warder"":2,""grunt"":4,""tank"":1,""runner"":2,""regenerator"":1,""shield"":1}"
"28","5","护卫纵队","20","2487","310","4281.095","8.198","10","2252.238","9","3","257","37","3.5","{""sprinter"":8,""tank"":5,""support"":2,""regenerator"":1,""shield"":3,""warder"":1}"
"28","6","密集围攻","22","2199","271","2820.071","7.912","11","1835.571","4","3","237","40","3.5","{""swarm"":5,""support"":1,""splitter"":5,""regenerator"":1,""grunt"":4,""sprinter"":2,""shield"":1,""warder"":2,""tank"":1}"
"28","7","重装推进","24","4414","184","7932.714","9.331","11","3715.619","11","1","323","43","3.5","{""regenerator"":9,""tank"":9,""sprinter"":4,""shield"":1,""warder"":1}"
"28","8","决胜波次","26","3774","560","6191.881","8.888","12","3125.429","11","2","305","46","0","{""sprinter"":12,""tank"":5,""shield"":4,""regenerator"":3,""warder"":2}"
"29","1","重装推进","11","751","205","1047","6","7","688.25","5","0","134","25","3.5","{""regenerator"":4,""sprinter"":2,""shield"":5}"
"29","2","联合攻势","13","853","196","1103.5","6.864","7","663.5","4","0","136","28","3.5","{""sprinter"":7,""shield"":4,""regenerator"":2}"
"29","3","急行突袭","15","972","71","1300.095","7.888","8","836.095","2","1","145","31","3.5","{""runner"":4,""warder"":1,""sprinter"":6,""tank"":1,""grunt"":2,""regenerator"":1}"
"29","4","护卫纵队","17","1796","406","3009.071","7.224","10","1885.214","9","1","205","34","3.5","{""shield"":5,""tank"":3,""sprinter"":7,""warder"":1,""regenerator"":1}"
"29","5","密集围攻","20","1800","164","2293.619","7.613","11","1570.619","3","2","210","37","3.5","{""grunt"":5,""support"":1,""swarm"":4,""regenerator"":1,""splitter"":4,""sprinter"":2,""shield"":1,""warder"":1,""tank"":1}"
"29","6","重装推进","22","3911","77","7138.643","9.384","10","3372.357","10","0","299","40","3.5","{""tank"":9,""regenerator"":9,""sprinter"":3,""shield"":1}"
"29","7","联合攻势","24","3255","696","5062.571","8.467","12","3021.571","11","4","305","43","3.5","{""shield"":6,""sprinter"":8,""warder"":2,""tank"":3,""support"":2,""regenerator"":3}"
"29","8","决胜波次","26","2388","172","3293.452","8.242","13","1745.976","4","0","248","46","0","{""grunt"":6,""shield"":2,""runner"":6,""sprinter"":9,""tank"":2,""regenerator"":1}"
"30","1","联合攻势","11","638","297","935","6","7","636","7","2","143","25","3.5","{""shield"":6,""sprinter"":3,""warder"":1,""support"":1}"
"30","2","急行突袭","13","665","110","802.25","6.864","7","483","2","1","125","28","3.5","{""grunt"":4,""warder"":1,""runner"":3,""shield"":1,""sprinter"":3,""regenerator"":1}"
"30","3","护卫纵队","15","1559","171","2887.476","8.704","8","1505.286","8","1","198","31","3.5","{""tank"":5,""shield"":3,""sprinter"":5,""regenerator"":1,""support"":1}"
"30","4","密集围攻","17","1463","146","1902.357","6.605","10","1278.857","3","2","189","34","3.5","{""splitter"":4,""support"":1,""grunt"":4,""regenerator"":1,""swarm"":3,""sprinter"":1,""shield"":1,""warder"":1,""tank"":1}"
"30","5","重装推进","20","3267","73","5729.333","8.784","10","3044.095","8","0","265","37","3.5","{""regenerator"":9,""tank"":7,""sprinter"":3,""shield"":1}"
"30","6","联合攻势","22","2603","308","3961.214","8.28","11","2573.214","7","1","250","40","3.5","{""sprinter"":11,""shield"":4,""tank"":3,""support"":1,""regenerator"":3}"
"30","7","急行突袭","24","2023","164","2557.524","8.122","12","1468.524","3","0","221","43","3.5","{""sprinter"":10,""shield"":2,""grunt"":6,""runner"":4,""tank"":1,""regenerator"":1}"
"30","8","小首领 · 晶盾执旗官","22","3729","754","5852.905","7.214","13","3709.429","12","5","317","46","0","{""shield"":5,""warder"":3,""sprinter"":8,""tank"":4,""晶盾执旗官"":1,""support"":1}"
"31","1","急行突袭","11","515","92","629.75","6","7","412","2","1","108","25","3.5","{""sprinter"":4,""warder"":1,""grunt"":2,""shield"":1,""runner"":2,""regenerator"":1}"
"31","2","护卫纵队","13","882","306","1215.25","6.864","7","848.25","6","1","146","28","3.5","{""sprinter"":6,""shield"":5,""regenerator"":1,""warder"":1}"
"31","3","密集围攻","15","1053","128","1213","7.616","8","690","2","2","161","31","3.5","{""swarm"":4,""support"":1,""splitter"":4,""regenerator"":1,""grunt"":2,""sprinter"":1,""shield"":1,""warder"":1}"
"31","4","重装推进","17","2470","65","4552","8.05","9","2545.929","8","0","229","34","3.5","{""tank"":7,""regenerator"":6,""sprinter"":3,""shield"":1}"
"31","5","联合攻势","20","2488","310","3827.857","8.003","11","2435.857","7","3","251","37","3.5","{""regenerator"":4,""sprinter"":7,""shield"":3,""warder"":1,""tank"":3,""support"":2}"
"31","6","急行突袭","22","1722","154","2226.071","7.912","11","1329.071","3","0","207","40","3.5","{""runner"":6,""shield"":2,""sprinter"":8,""grunt"":4,""tank"":1,""regenerator"":1}"
"31","7","护卫纵队","24","3359","512","5864.143","8.986","11","2968.571","12","3","310","43","3.5","{""tank"":6,""warder"":1,""shield"":5,""sprinter"":9,""support"":2,""regenerator"":1}"
"31","8","密集围攻","26","2707","86","3574.952","8.403","13","1942.976","3","0","252","46","3.5","{""grunt"":6,""tank"":2,""swarm"":6,""sprinter"":4,""splitter"":5,""regenerator"":2,""shield"":1}"
"31","9","决胜波次","28","5802","204","10222.286","9.475","12","4799.143","12","2","387","49","0","{""regenerator"":12,""support"":1,""tank"":10,""sprinter"":3,""shield"":1,""warder"":1}"
"32","1","护卫纵队","11","594","164","780.75","6","7","555.75","4","1","127","25","3.5","{""sprinter"":5,""shield"":4,""support"":1,""regenerator"":1}"
"32","2","密集围攻","13","667","49","743.25","6.864","7","536.25","1","1","128","28","3.5","{""grunt"":4,""support"":1,""swarm"":3,""regenerator"":1,""splitter"":2,""sprinter"":1,""shield"":1}"
"32","3","重装推进","15","1910","57","3316.476","8.976","7","1683.286","6","0","199","31","3.5","{""regenerator"":7,""tank"":5,""sprinter"":2,""shield"":1}"
"32","4","联合攻势","17","1708","195","2526.214","7.018","10","1674.214","5","1","195","34","3.5","{""sprinter"":8,""regenerator"":3,""shield"":3,""tank"":2,""support"":1}"
"32","5","急行突袭","20","1533","146","2008.619","7.613","11","1182.619","3","0","189","37","3.5","{""grunt"":5,""shield"":2,""runner"":4,""sprinter"":7,""tank"":1,""regenerator"":1}"
"32","6","护卫纵队","22","3023","676","5275.357","8.648","11","2899.214","13","3","279","40","3.5","{""sprinter"":8,""warder"":3,""tank"":5,""shield"":5,""regenerator"":1}"
"32","7","密集围攻","24","2471","82","3248.048","8.294","12","1723.524","3","0","244","43","3.5","{""splitter"":6,""tank"":2,""grunt"":6,""sprinter"":4,""swarm"":4,""regenerator"":1,""shield"":1}"
"32","8","重装推进","26","5125","194","9228.762","9.696","11","4447.381","12","2","363","46","3.5","{""tank"":10,""support"":1,""regenerator"":10,""sprinter"":3,""shield"":1,""warder"":1}"
"32","9","决胜波次","28","4440","477","7025.143","8.874","13","3609.286","10","3","347","49","0","{""tank"":5,""regenerator"":6,""sprinter"":10,""support"":2,""shield"":4,""warder"":1}"
"33","1","密集围攻","11","554","41","617.75","6","7","387.75","1","1","121","25","3.5","{""splitter"":3,""support"":1,""grunt"":2,""regenerator"":1,""swarm"":2,""sprinter"":1,""shield"":1}"
"33","2","重装推进","13","1081","294","1511.25","6.864","7","823.75","6","0","160","28","3.5","{""shield"":6,""regenerator"":5,""sprinter"":2}"
"33","3","联合攻势","15","1437","171","2347.286","8.432","8","1268.19","6","2","195","31","3.5","{""tank"":3,""sprinter"":5,""shield"":3,""support"":2,""regenerator"":2}"
"33","4","急行突袭","17","1182","65","1540.357","6.811","10","1051.357","2","0","158","34","3.5","{""sprinter"":7,""shield"":1,""grunt"":4,""runner"":3,""tank"":1,""regenerator"":1}"
"33","5","护卫纵队","20","2351","310","3856.476","8.198","10","2305.857","8","3","248","37","3.5","{""sprinter"":9,""warder"":1,""tank"":4,""support"":2,""shield"":3,""regenerator"":1}"
"33","6","密集围攻","22","2059","77","2792.643","8.096","11","1415.571","3","0","216","40","3.5","{""swarm"":6,""tank"":2,""splitter"":5,""sprinter"":3,""grunt"":4,""regenerator"":1,""shield"":1}"
"33","7","重装推进","24","4544","184","8108.714","9.331","11","3986.619","11","2","338","43","3.5","{""regenerator"":10,""support"":1,""tank"":9,""sprinter"":2,""shield"":1,""warder"":1}"
"33","8","联合攻势","26","3650","344","5900.381","8.888","12","2987.429","9","0","293","46","3.5","{""sprinter"":13,""regenerator"":4,""tank"":5,""shield"":4}"
"33","9","决胜波次","28","2635","295","3341.429","8.272","14","1889.429","4","2","275","49","0","{""runner"":7,""sprinter"":9,""shield"":2,""grunt"":6,""tank"":1,""support"":1,""regenerator"":1,""warder"":1}"
"34","1","重装推进","11","751","205","1047","6","7","688.25","5","0","134","25","3.5","{""regenerator"":4,""sprinter"":2,""shield"":5}"
"34","2","联合攻势","13","780","196","1003.25","6.864","7","635","4","0","132","28","3.5","{""sprinter"":7,""shield"":4,""grunt"":1,""regenerator"":1}"
"34","3","急行突袭","15","1012","71","1340.095","7.888","8","876.095","2","2","158","31","3.5","{""runner"":4,""warder"":1,""sprinter"":5,""tank"":1,""grunt"":2,""emp"":1,""regenerator"":1}"
"34","4","护卫纵队","17","1842","406","3055.071","7.224","10","1834.214","9","2","218","34","3.5","{""shield"":5,""tank"":3,""sprinter"":6,""warder"":1,""emp"":1,""regenerator"":1}"
"34","5","密集围攻","20","1754","73","2156.619","7.418","11","1356.619","2","2","215","37","3.5","{""grunt"":5,""support"":1,""swarm"":4,""sprinter"":2,""splitter"":4,""regenerator"":1,""emp"":1,""shield"":1,""tank"":1}"
"34","6","重装推进","22","3933","174","7170.643","9.384","10","3432.857","11","3","325","40","3.5","{""tank"":9,""emp"":2,""regenerator"":7,""sprinter"":2,""shield"":1,""warder"":1}"
"34","7","联合攻势","24","3076","246","4479.571","8.467","12","2762.571","6","2","279","43","3.5","{""sprinter"":12,""regenerator"":4,""shield"":3,""tank"":3,""emp"":2}"
"34","8","急行突袭","26","2288","172","2850.976","8.242","13","1611.976","3","1","252","46","3.5","{""grunt"":6,""sprinter"":9,""runner"":6,""shield"":2,""tank"":1,""emp"":1,""regenerator"":1}"
"34","9","决胜波次","28","4095","659","6607.143","8.874","13","3371.286","12","5","365","49","0","{""sprinter"":11,""shield"":6,""support"":2,""tank"":5,""emp"":2,""regenerator"":1,""warder"":1}"
"35","1","联合攻势","11","638","297","935","6","7","636","7","2","143","25","3.5","{""shield"":6,""sprinter"":3,""warder"":1,""support"":1}"
"35","2","急行突袭","13","605","110","715","6.864","7","483","2","1","121","28","3.5","{""grunt"":4,""warder"":1,""runner"":3,""shield"":1,""sprinter"":4}"
"35","3","护卫纵队","15","1531","114","2802.476","8.704","8","1505.286","7","1","192","31","3.5","{""tank"":5,""shield"":2,""sprinter"":6,""support"":1,""regenerator"":1}"
"35","4","密集围攻","17","1255","65","1356.5","6.605","10","850.5","1","1","172","34","3.5","{""splitter"":4,""support"":1,""grunt"":4,""sprinter"":3,""swarm"":3,""regenerator"":1,""shield"":1}"
"35","5","重装推进","20","3326","164","5838.333","8.784","10","3342.095","9","2","282","37","3.5","{""regenerator"":8,""emp"":1,""tank"":7,""sprinter"":2,""shield"":1,""warder"":1}"
"35","6","联合攻势","22","2765","328","4186.714","8.28","11","2673.714","7","2","256","40","3.5","{""regenerator"":4,""sprinter"":10,""shield"":3,""warder"":1,""tank"":3,""support"":1}"
"35","7","急行突袭","24","2010","82","2462.524","8.122","12","1517.524","2","1","226","43","3.5","{""sprinter"":10,""grunt"":6,""shield"":1,""runner"":4,""tank"":1,""support"":1,""regenerator"":1}"
"35","8","护卫纵队","26","3865","926","6551.881","8.888","12","3159.929","15","4","336","46","3.5","{""shield"":7,""sprinter"":9,""warder"":3,""tank"":5,""emp"":1,""regenerator"":1}"
"35","9","小首领 · 电磁监察官","24","3244","295","4259.857","7.067","14","2761.429","5","2","279","49","0","{""swarm"":5,""warder"":1,""splitter"":4,""tank"":2,""grunt"":5,""sprinter"":4,""电磁监察官"":1,""shield"":2}"
"36","1","急行突袭","11","465","92","557","6","7","412","2","1","104","25","3.5","{""sprinter"":5,""warder"":1,""grunt"":2,""shield"":1,""runner"":2}"
"36","2","护卫纵队","13","882","306","1215.25","6.864","7","775.25","6","1","146","28","3.5","{""sprinter"":6,""shield"":5,""warder"":1,""regenerator"":1}"
"36","3","密集围攻","15","977","57","1066","7.616","8","646","1","1","153","31","3.5","{""swarm"":4,""support"":1,""splitter"":4,""sprinter"":2,""grunt"":2,""regenerator"":1,""shield"":1}"
"36","4","重装推进","17","2603","146","4766","7.843","9","2713.929","9","2","250","34","3.5","{""tank"":7,""emp"":1,""regenerator"":6,""sprinter"":1,""shield"":1,""warder"":1}"
"36","5","联合攻势","20","2249","219","3456.857","8.003","11","2221.857","6","0","217","37","3.5","{""sprinter"":11,""regenerator"":3,""shield"":3,""tank"":3}"
"36","6","急行突袭","22","1710","77","2137.071","7.912","11","1331.571","2","1","212","40","3.5","{""runner"":6,""sprinter"":8,""shield"":1,""grunt"":4,""tank"":1,""support"":1,""regenerator"":1}"
"36","7","护卫纵队","24","3196","492","5356.619","8.813","11","2815.571","11","3","312","43","3.5","{""tank"":5,""shield"":6,""sprinter"":9,""support"":2,""emp"":1,""regenerator"":1}"
"36","8","密集围攻","26","2715","194","3642.452","8.242","13","1907.976","4","1","256","46","3.5","{""grunt"":6,""warder"":1,""swarm"":6,""tank"":2,""splitter"":5,""sprinter"":4,""regenerator"":1,""shield"":1}"
"36","9","决胜波次","28","5737","91","10353.714","9.626","12","4567.143","12","1","384","49","0","{""regenerator"":11,""tank"":11,""sprinter"":4,""shield"":1,""support"":1}"
"37","1","护卫纵队","11","594","164","780.75","6","7","555.75","4","1","127","25","3.5","{""sprinter"":5,""shield"":4,""support"":1,""regenerator"":1}"
"37","2","密集围攻","13","643","0","670.25","6.864","7","463.25","0","1","122","28","3.5","{""grunt"":4,""support"":1,""swarm"":3,""sprinter"":2,""splitter"":2,""regenerator"":1}"
"37","3","重装推进","15","1920","128","3172.381","8.704","7","1701.286","6","2","211","31","3.5","{""regenerator"":7,""emp"":1,""tank"":4,""sprinter"":1,""shield"":1,""warder"":1}"
"37","4","联合攻势","17","1611","195","2172.357","6.811","10","1599.857","4","1","188","34","3.5","{""sprinter"":9,""regenerator"":3,""emp"":1,""shield"":3,""tank"":1}"
"37","5","急行突袭","20","1522","73","1924.619","7.613","11","1214.619","2","1","194","37","3.5","{""grunt"":5,""sprinter"":7,""runner"":4,""shield"":1,""tank"":1,""support"":1,""regenerator"":1}"
"37","6","护卫纵队","22","2975","579","5130.357","8.648","10","2673.714","12","3","284","40","3.5","{""sprinter"":8,""shield"":5,""tank"":5,""warder"":2,""emp"":1,""regenerator"":1}"
"37","7","密集围攻","24","2428","184","2982.524","8.122","12","1787.524","3","1","243","43","3.5","{""splitter"":6,""warder"":1,""grunt"":6,""tank"":1,""swarm"":4,""sprinter"":4,""regenerator"":1,""shield"":1}"
"37","8","重装推进","26","5063","86","9352.738","9.858","11","4223.381","12","1","360","46","3.5","{""tank"":11,""regenerator"":9,""sprinter"":4,""shield"":1,""support"":1}"
"37","9","决胜波次","28","4155","386","6496.143","8.874","14","3510.286","9","4","344","49","0","{""sprinter"":13,""support"":1,""tank"":5,""regenerator"":3,""emp"":2,""shield"":3,""warder"":1}"
"38","1","密集围攻","11","534","0","556.75","6","7","355.75","0","1","115","25","3.5","{""splitter"":3,""support"":1,""grunt"":2,""sprinter"":2,""swarm"":2,""regenerator"":1}"
"38","2","重装推进","13","1116","294","1546.25","6.864","7","858.75","6","1","173","28","3.5","{""shield"":6,""emp"":1,""regenerator"":5,""sprinter"":1}"
"38","3","联合攻势","15","1433","57","2261.286","8.432","8","1183.19","4","1","176","31","3.5","{""tank"":3,""regenerator"":3,""sprinter"":7,""support"":1,""shield"":1}"
"38","4","急行突袭","17","1123","65","1444.857","6.811","10","1052.857","2","1","165","34","3.5","{""sprinter"":7,""grunt"":4,""shield"":1,""runner"":3,""tank"":1,""support"":1}"
"38","5","护卫纵队","20","2305","219","3719.476","8.198","10","2225.857","7","3","253","37","3.5","{""sprinter"":9,""shield"":3,""support"":2,""tank"":4,""emp"":1,""regenerator"":1}"
"38","6","密集围攻","22","2018","174","2542.071","7.912","11","1490.071","3","1","215","40","3.5","{""swarm"":6,""warder"":1,""splitter"":5,""tank"":1,""grunt"":4,""sprinter"":3,""regenerator"":1,""shield"":1}"
"38","7","重装推进","24","4457","82","8198.238","9.504","11","3774.619","11","0","324","43","3.5","{""regenerator"":9,""tank"":10,""sprinter"":4,""shield"":1}"
"38","8","联合攻势","26","3499","538","5209.929","8.565","12","2739.452","9","4","320","46","3.5","{""shield"":5,""support"":2,""sprinter"":11,""warder"":1,""tank"":3,""regenerator"":3,""emp"":1}"
"38","9","决胜波次","28","2737","204","3403.429","8.272","14","2184.429","3","2","275","49","0","{""runner"":7,""emp"":1,""sprinter"":9,""regenerator"":2,""grunt"":6,""shield"":1,""warder"":1,""tank"":1}"
"39","1","重装推进","11","810","164","1087.75","6","7","729","4","1","145","25","3.5","{""regenerator"":5,""emp"":1,""shield"":4,""sprinter"":1}"
"39","2","联合攻势","13","864","147","1065.5","6.864","7","649.25","3","1","143","28","3.5","{""sprinter"":7,""regenerator"":2,""shield"":3,""emp"":1}"
"39","3","急行突袭","15","872","57","1154.095","7.888","8","817.095","2","1","150","31","3.5","{""runner"":4,""sprinter"":6,""shield"":1,""grunt"":2,""tank"":1,""support"":1}"
"39","4","护卫纵队","17","1842","406","3055.071","7.224","10","2029.571","9","2","218","34","3.5","{""shield"":5,""sprinter"":6,""warder"":1,""tank"":3,""emp"":1,""regenerator"":1}"
"39","5","密集围攻","20","1775","164","2268.619","7.613","11","1329.619","3","1","199","37","3.5","{""grunt"":5,""warder"":1,""swarm"":4,""tank"":1,""splitter"":4,""sprinter"":3,""regenerator"":1,""shield"":1}"
"39","6","重装推进","22","3814","77","6998.143","9.384","10","3231.857","10","0","295","40","3.5","{""tank"":9,""regenerator"":8,""sprinter"":4,""shield"":1}"
"39","7","联合攻势","24","2943","246","4300.571","8.467","12","2664.571","6","2","273","43","3.5","{""sprinter"":13,""support"":1,""shield"":3,""regenerator"":3,""tank"":3,""emp"":1}"
"39","8","急行突袭","26","2469","194","3102.476","8.242","13","1969.976","3","2","258","46","3.5","{""grunt"":6,""emp"":1,""runner"":6,""regenerator"":2,""sprinter"":8,""shield"":1,""warder"":1,""tank"":1}"
"39","9","决胜波次","28","3911","455","6270.143","8.874","13","3377.286","10","2","329","49","0","{""sprinter"":14,""regenerator"":2,""support"":2,""tank"":5,""shield"":5}"
"40","1","联合攻势","11","668","256","946.75","6","7","647.75","6","2","141","25","3.5","{""shield"":5,""regenerator"":1,""sprinter"":3,""warder"":1,""support"":1}"
"40","2","急行突袭","13","564","98","662","6.864","7","453","2","0","119","28","3.5","{""grunt"":4,""sprinter"":4,""runner"":3,""shield"":2}"
"40","3","护卫纵队","15","1528","171","2824.476","8.704","7","1316.19","8","2","207","31","3.5","{""tank"":5,""shield"":3,""sprinter"":5,""support"":1,""emp"":1}"
"40","4","密集围攻","17","1409","81","1783.357","6.811","10","1233.857","2","1","172","34","3.5","{""splitter"":4,""warder"":1,""grunt"":4,""tank"":1,""swarm"":3,""sprinter"":3,""regenerator"":1}"
"40","5","重装推进","20","3176","73","5597.333","8.784","10","2860.476","8","0","261","37","3.5","{""regenerator"":8,""tank"":7,""sprinter"":4,""shield"":1}"
"40","6","联合攻势","22","2792","328","4213.714","8.28","11","2439.643","7","3","267","40","3.5","{""regenerator"":4,""support"":2,""sprinter"":9,""shield"":3,""warder"":1,""tank"":3}"
"40","7","急行突袭","24","2151","184","2705.524","8.122","12","1676.524","3","2","236","43","3.5","{""sprinter"":9,""emp"":1,""grunt"":6,""regenerator"":1,""runner"":4,""shield"":1,""warder"":1,""tank"":1}"
"40","8","护卫纵队","26","3752","732","6293.381","8.888","12","3183.929","13","2","313","46","3.5","{""shield"":6,""regenerator"":2,""sprinter"":11,""warder"":2,""tank"":5}"
"40","9","章节首领","29","3803","386","5191.88","10.072","14","3545.88","4","1","370","49","0","{""swarm"":7,""sprinter"":4,""splitter"":6,""shield"":2,""grunt"":6,""tank"":1,""support"":1,""凛冬裁决官"":1,""regenerator"":1}"
"41","1","急行突袭","11","429","41","493.25","6","7","349.25","1","0","97","25","3.5","{""sprinter"":3,""grunt"":3,""swarm"":1,""runner"":2,""shield"":1,""regenerator"":1}"
"41","2","护卫纵队","13","799","307","1133.75","6.864","7","931.75","6","1","143","28","3.5","{""grunt"":5,""swarm"":1,""shield"":5,""regenerator"":1,""warder"":1}"
"41","3","密集围攻","16","1155","0","1450.668","8.432","8","1022.668","1","0","160","31","3.5","{""swarm"":4,""tank"":1,""splitter"":4,""regenerator"":1,""grunt"":4,""berserker"":1,""runner"":1}"
"41","4","重装推进","18","2208","0","3741.78","7.843","9","1987.78","5","0","215","34","3.5","{""regenerator"":4,""berserker"":2,""grunt"":5,""tank"":5,""runner"":1,""swarm"":1}"
"41","5","联合攻势","21","2359","184","3636.664","8.394","10","2511.786","5","2","234","37","3.5","{""runner"":5,""warder"":2,""berserker"":2,""swarm"":2,""grunt"":4,""tank"":3,""regenerator"":3}"
"41","6","急行突袭","23","1906","0","2357.3","8.28","11","1713.3","1","0","213","40","3.5","{""runner"":7,""sprinter"":5,""berserker"":2,""grunt"":6,""swarm"":1,""tank"":1,""regenerator"":1}"
"41","7","护卫纵队","25","3286","435","5512.687","8.986","12","3113.354","10","3","310","43","3.5","{""tank"":5,""berserker"":2,""shield"":4,""swarm"":2,""grunt"":7,""support"":2,""regenerator"":1,""warder"":1,""runner"":1}"
"41","8","密集围攻","27","3025","0","3921.037","8.726","13","2131.799","2","0","266","46","3.5","{""grunt"":7,""swarm"":8,""tank"":2,""splitter"":6,""regenerator"":2,""berserker"":2}"
"41","9","重装推进","29","5152","114","9008.483","9.776","13","4650.721","10","1","360","49","3.5","{""tank"":9,""regenerator"":7,""berserker"":2,""grunt"":7,""runner"":2,""swarm"":1,""warder"":1}"
"41","10","决胜波次","31","3555","0","5360.108","8.77","14","3006.429","4","0","299","52","0","{""berserker"":2,""regenerator"":3,""runner"":6,""grunt"":11,""swarm"":5,""tank"":4}"
"42","1","护卫纵队","11","875","164","1164.104","6","7","764.177","4","1","148","25","3.5","{""berserker"":4,""swarm"":1,""shield"":4,""support"":1,""regenerator"":1}"
"42","2","密集围攻","13","729","49","836.262","6.864","7","592.262","1","0","124","28","3.5","{""grunt"":4,""shield"":1,""swarm"":3,""regenerator"":1,""splitter"":2,""berserker"":1,""runner"":1}"
"42","3","重装推进","16","2166","0","3416.483","9.248","7","1664.586","4","0","212","31","3.5","{""tank"":4,""regenerator"":5,""berserker"":5,""runner"":1,""swarm"":1}"
"42","4","联合攻势","18","2259","82","3436.951","7.637","10","2092.171","4","1","215","34","3.5","{""berserker"":5,""warder"":1,""runner"":3,""swarm"":3,""tank"":3,""regenerator"":3}"
"42","5","急行突袭","21","1677","0","2102.14","8.003","11","1374.701","1","0","196","37","3.5","{""grunt"":6,""runner"":6,""berserker"":2,""sprinter"":4,""swarm"":1,""tank"":1,""regenerator"":1}"
"42","6","护卫纵队","23","3954","606","6495.62","9.016","10","3110.021","12","3","318","40","3.5","{""berserker"":7,""tank"":5,""swarm"":2,""shield"":4,""warder"":3,""regenerator"":1,""runner"":1}"
"42","7","密集围攻","25","2638","0","3443.687","8.64","12","1890.093","2","0","250","43","3.5","{""splitter"":6,""swarm"":7,""grunt"":6,""tank"":2,""regenerator"":1,""berserker"":2,""runner"":1}"
"42","8","重装推进","27","5808","109","9501.149","9.696","12","4096.074","9","1","374","46","3.5","{""berserker"":8,""tank"":8,""regenerator"":8,""runner"":1,""swarm"":1,""warder"":1}"
"42","9","联合攻势","29","5164","228","7300.279","8.874","14","3759.418","5","2","350","49","3.5","{""regenerator"":6,""berserker"":9,""warder"":2,""runner"":6,""swarm"":3,""tank"":3}"
"42","10","决胜波次","31","3273","120","4005.948","8.491","15","2299.679","2","1","289","52","0","{""sprinter"":8,""warder"":1,""grunt"":7,""runner"":8,""berserker"":3,""swarm"":2,""tank"":1,""regenerator"":1}"
"43","1","密集围攻","11","608","41","697.713","6","7","511.713","1","0","117","25","3.5","{""splitter"":3,""shield"":1,""grunt"":2,""regenerator"":1,""swarm"":2,""berserker"":1,""runner"":1}"
"43","2","重装推进","13","1415","147","1828.323","6.864","7","1032.037","3","0","171","28","3.5","{""berserker"":6,""regenerator"":3,""shield"":3,""runner"":1}"
"43","3","联合攻势","16","1659","144","2465.458","8.432","8","1240.836","4","2","188","31","3.5","{""regenerator"":2,""warder"":2,""berserker"":4,""runner"":3,""swarm"":3,""tank"":2}"
"43","4","急行突袭","18","1363","0","1741.78","7.224","10","1194.39","1","0","171","34","3.5","{""sprinter"":4,""runner"":5,""grunt"":4,""berserker"":2,""swarm"":1,""tank"":1,""regenerator"":1}"
"43","5","护卫纵队","21","3537","240","5645.822","8.589","10","2859.664","8","3","305","37","3.5","{""berserker"":8,""swarm"":1,""support"":2,""tank"":5,""shield"":2,""regenerator"":1,""warder"":1,""runner"":1}"
"43","6","密集围攻","23","2270","0","3032.014","8.28","11","1664.007","2","0","225","40","3.5","{""swarm"":8,""splitter"":5,""tank"":2,""grunt"":4,""regenerator"":1,""berserker"":2,""runner"":1}"
"43","7","重装推进","25","5082","0","8162.081","9.331","11","3840.947","7","0","341","43","3.5","{""regenerator"":8,""tank"":7,""berserker"":8,""runner"":1,""swarm"":1}"
"43","8","联合攻势","27","4905","0","7409.215","9.211","13","3493.056","5","0","334","46","3.5","{""tank"":5,""regenerator"":6,""berserker"":9,""runner"":4,""swarm"":3}"
"43","9","急行突袭","29","2927","114","3625.593","8.573","14","2142.959","2","1","274","49","3.5","{""runner"":9,""warder"":1,""sprinter"":6,""grunt"":6,""berserker"":3,""swarm"":2,""tank"":1,""regenerator"":1}"
"43","10","决胜波次","31","6732","720","11207.094","9.466","14","5073.645","15","2","432","52","0","{""berserker"":11,""runner"":2,""tank"":8,""shield"":5,""swarm"":2,""warder"":2,""regenerator"":1}"
"44","1","重装推进","11","982","82","1258.854","6","7","876.14","2","0","141","25","3.5","{""regenerator"":4,""berserker"":4,""shield"":2,""runner"":1}"
"44","2","联合攻势","13","1137","160","1474.549","6.864","7","943.524","3","1","156","28","3.5","{""shield"":2,""warder"":1,""regenerator"":2,""runner"":3,""berserker"":4,""swarm"":1}"
"44","3","急行突袭","16","992","0","1287.668","8.432","8","843.418","1","0","149","31","3.5","{""runner"":5,""sprinter"":4,""berserker"":1,""grunt"":3,""swarm"":1,""tank"":1,""regenerator"":1}"
"44","4","护卫纵队","18","2547","510","4078.951","7.637","10","2619.78","10","3","251","34","3.5","{""shield"":4,""berserker"":5,""swarm"":1,""warder"":3,""tank"":3,""regenerator"":1,""runner"":1}"
"44","5","密集围攻","21","1847","0","2272.14","8.003","11","1447.701","1","0","200","37","3.5","{""grunt"":6,""swarm"":6,""tank"":1,""splitter"":4,""regenerator"":1,""berserker"":2,""runner"":1}"
"44","6","重装推进","23","4421","0","7504.47","9.568","10","3607.735","8","0","318","40","3.5","{""tank"":8,""regenerator"":7,""berserker"":6,""runner"":1,""swarm"":1}"
"44","7","联合攻势","25","3978","103","6262.394","9.158","12","3113.78","6","1","297","43","3.5","{""swarm"":5,""regenerator"":5,""tank"":5,""berserker"":6,""runner"":3,""warder"":1}"
"44","8","急行突袭","27","2695","109","3359.58","8.565","13","1790.019","2","1","260","46","3.5","{""grunt"":6,""warder"":1,""runner"":8,""sprinter"":6,""berserker"":3,""swarm"":1,""tank"":1,""regenerator"":1}"
"44","9","护卫纵队","29","5834","368","9112.253","9.174","13","4112.742","10","2","404","49","3.5","{""berserker"":12,""runner"":2,""support"":2,""tank"":6,""swarm"":2,""shield"":4,""regenerator"":1}"
"44","10","决胜波次","31","3960","120","5068.822","8.63","15","2612.411","3","1","319","52","0","{""splitter"":8,""berserker"":2,""grunt"":7,""swarm"":8,""tank"":2,""regenerator"":2,""warder"":1,""runner"":1}"
"45","1","联合攻势","11","684","186","941.963","6","7","750.963","4","2","122","25","3.5","{""swarm"":3,""warder"":2,""shield"":2,""runner"":1,""regenerator"":2,""berserker"":1}"
"45","2","急行突袭","13","580","49","659.512","6.864","7","470.512","1","0","117","28","3.5","{""grunt"":4,""runner"":4,""berserker"":1,""sprinter"":2,""swarm"":1,""shield"":1}"
"45","3","护卫纵队","16","2092","246","3651.78","9.52","7","1626.086","9","2","235","31","3.5","{""tank"":5,""berserker"":4,""shield"":3,""swarm"":1,""support"":1,""regenerator"":1,""warder"":1}"
"45","4","密集围攻","18","1527","0","1905.78","7.224","10","1360.39","1","0","179","34","3.5","{""splitter"":4,""swarm"":5,""grunt"":4,""tank"":1,""regenerator"":1,""berserker"":2,""runner"":1}"
"45","5","重装推进","21","3822","0","6149.584","8.979","10","2978.042","6","0","288","37","3.5","{""berserker"":8,""tank"":6,""regenerator"":5,""runner"":1,""swarm"":1}"
"45","6","联合攻势","23","3593","0","5135.777","8.648","11","2428.178","3","0","272","40","3.5","{""berserker"":9,""regenerator"":4,""swarm"":4,""tank"":3,""runner"":3}"
"45","7","急行突袭","25","2288","103","2868.02","8.467","12","1654.093","2","1","237","43","3.5","{""sprinter"":6,""warder"":1,""grunt"":6,""runner"":7,""berserker"":2,""swarm"":1,""tank"":1,""regenerator"":1}"
"45","8","护卫纵队","27","4997","740","7996.215","9.211","12","4020.836","13","2","367","46","3.5","{""shield"":6,""runner"":2,""berserker"":9,""warder"":2,""swarm"":2,""tank"":5,""regenerator"":1}"
"45","9","密集围攻","29","3407","114","4463.649","8.723","14","2287.325","3","1","288","49","3.5","{""swarm"":9,""berserker"":2,""splitter"":6,""grunt"":6,""tank"":2,""regenerator"":2,""warder"":1,""runner"":1}"
"45","10","小首领 · 裂殖先锋","27","6369","0","9937.878","8.128","14","5266.376","7","0","396","52","0","{""regenerator"":9,""swarm"":3,""berserker"":7,""tank"":7,""裂殖先锋"":1}"
"46","1","急行突袭","11","443","41","509.463","6","7","374.463","1","0","100","25","3.5","{""sprinter"":3,""runner"":3,""grunt"":2,""berserker"":1,""swarm"":1,""shield"":1}"
"46","2","护卫纵队","13","1309","307","1796.311","6.864","7","1024.774","6","1","173","28","3.5","{""berserker"":5,""shield"":5,""swarm"":1,""warder"":1,""regenerator"":1}"
"46","3","密集围攻","16","1132","0","1427.668","8.432","8","961.668","1","0","157","31","3.5","{""swarm"":5,""splitter"":4,""tank"":1,""grunt"":3,""regenerator"":1,""berserker"":1,""runner"":1}"
"46","4","重装推进","18","2847","0","4579.341","7.843","9","2578.171","5","0","243","34","3.5","{""regenerator"":5,""tank"":5,""berserker"":6,""runner"":1,""swarm"":1}"
"46","5","联合攻势","21","2778","92","4141.481","8.394","10","2724.164","4","1","245","37","3.5","{""runner"":5,""regenerator"":4,""berserker"":5,""swarm"":3,""tank"":3,""warder"":1}"
"46","6","急行突袭","23","2013","98","2562.3","8.28","11","1502.007","2","1","222","40","3.5","{""runner"":8,""warder"":1,""sprinter"":5,""grunt"":4,""berserker"":2,""swarm"":1,""tank"":1,""regenerator"":1}"
"46","7","护卫纵队","25","4536","332","7344.841","9.158","12","3589.207","10","2","357","43","3.5","{""tank"":6,""runner"":2,""shield"":4,""berserker"":9,""swarm"":1,""support"":2,""regenerator"":1}"
"46","8","密集围攻","27","3014","109","3970.037","8.726","13","2021.238","3","1","271","46","3.5","{""grunt"":6,""berserker"":2,""swarm"":8,""splitter"":6,""tank"":2,""regenerator"":1,""warder"":1,""runner"":1}"
"46","9","重装推进","29","6448","0","10638.422","9.776","13","4878.355","9","0","394","49","3.5","{""tank"":9,""swarm"":2,""regenerator"":8,""berserker"":9,""runner"":1}"
"46","10","决胜波次","31","5640","120","8474.397","8.909","14","4307.77","6","1","368","52","0","{""berserker"":10,""tank"":5,""runner"":6,""regenerator"":4,""swarm"":5,""warder"":1}"
"47","1","护卫纵队","11","875","164","1164.104","6","7","738.854","4","1","148","25","3.5","{""berserker"":4,""swarm"":1,""support"":1,""shield"":4,""regenerator"":1}"
"47","2","密集围攻","13","720","49","827.262","6.864","7","665.262","1","0","120","28","3.5","{""grunt"":4,""swarm"":4,""shield"":1,""splitter"":2,""regenerator"":1,""berserker"":1}"
"47","3","重装推进","16","2311","0","3789.341","9.52","7","1664.586","5","0","224","31","3.5","{""tank"":5,""regenerator"":5,""berserker"":5,""runner"":1}"
"47","4","联合攻势","18","2289","0","3425.341","7.637","10","2052.78","3","0","213","34","3.5","{""berserker"":6,""regenerator"":3,""runner"":3,""swarm"":3,""tank"":3}"
"47","5","急行突袭","21","1811","92","2328.14","8.003","11","1355.701","2","1","203","37","3.5","{""grunt"":6,""warder"":1,""runner"":5,""sprinter"":4,""berserker"":2,""swarm"":1,""tank"":1,""regenerator"":1}"
"47","6","护卫纵队","23","4006","508","6497.913","9.016","10","3376.314","11","2","320","40","3.5","{""berserker"":8,""runner"":2,""tank"":5,""shield"":4,""swarm"":1,""warder"":2,""regenerator"":1}"
"47","7","密集围攻","25","2594","103","3174.02","8.467","12","1890.093","2","1","249","43","3.5","{""splitter"":6,""berserker"":2,""grunt"":6,""swarm"":7,""tank"":1,""regenerator"":1,""warder"":1,""runner"":1}"
"47","8","重装推进","27","5634","0","9218.149","9.696","12","4311.074","8","0","363","46","3.5","{""berserker"":8,""swarm"":2,""tank"":8,""regenerator"":8,""runner"":1}"
"47","9","联合攻势","29","5126","342","7626.201","9.024","14","3752.706","7","3","355","49","3.5","{""regenerator"":6,""tank"":4,""berserker"":7,""warder"":3,""runner"":6,""swarm"":3}"
"47","10","决胜波次","31","3501","0","4227.216","8.491","15","2320.679","1","0","294","52","0","{""sprinter"":8,""regenerator"":2,""grunt"":7,""berserker"":4,""runner"":8,""swarm"":1,""tank"":1}"
"48","1","密集围攻","11","604","164","793.463","6","7","631.463","4","0","124","25","3.5","{""splitter"":2,""berserker"":1,""shield"":4,""grunt"":2,""swarm"":2}"
"48","2","重装推进","13","1276","245","1726.299","6.864","7","1001.274","5","0","167","28","3.5","{""berserker"":4,""shield"":5,""swarm"":1,""regenerator"":3}"
"48","3","联合攻势","16","1875","0","2818.565","9.248","7","1677.025","3","0","198","31","3.5","{""tank"":3,""swarm"":1,""regenerator"":3,""berserker"":4,""broodmother"":1,""runner"":3,""grunt"":1}"
"48","4","急行突袭","18","1704","0","2130.558","7.637","10","1398.279","1","0","188","34","3.5","{""sprinter"":3,""tank"":1,""grunt"":4,""regenerator"":1,""runner"":5,""berserker"":2,""broodmother"":2}"
"48","5","护卫纵队","21","3641","148","5666.16","8.979","10","2664.492","7","2","305","37","3.5","{""berserker"":7,""regenerator"":1,""support"":2,""tank"":5,""runner"":1,""shield"":2,""broodmother"":2,""swarm"":1}"
"48","6","密集围攻","23","2469","98","3075.189","8.648","11","1483.007","2","1","229","40","3.5","{""broodmother"":2,""warder"":1,""grunt"":8,""runner"":1,""swarm"":5,""berserker"":2,""splitter"":2,""tank"":1,""regenerator"":1}"
"48","7","重装推进","25","5012","0","7726.21","9.504","11","3644.816","6","0","337","43","3.5","{""regenerator"":7,""runner"":2,""berserker"":7,""tank"":6,""broodmother"":2,""swarm"":1}"
"48","8","联合攻势","27","4042","0","5615.733","9.211","13","3313.056","3","0","295","46","3.5","{""broodmother"":2,""berserker"":7,""swarm"":5,""grunt"":5,""tank"":3,""regenerator"":2,""runner"":3}"
"48","9","急行突袭","29","3204","114","4219.404","8.874","14","2356.769","3","1","284","49","3.5","{""runner"":8,""broodmother"":2,""sprinter"":5,""swarm"":2,""grunt"":7,""tank"":2,""regenerator"":1,""warder"":1,""berserker"":1}"
"48","10","决胜波次","31","6981","720","11139.683","9.605","14","5094.376","14","2","434","52","0","{""berserker"":10,""swarm"":2,""tank"":7,""shield"":5,""regenerator"":2,""warder"":2,""runner"":1,""broodmother"":2}"
"49","1","重装推进","11","866","164","1173.927","6","7","735.427","4","0","137","25","3.5","{""regenerator"":4,""shield"":4,""berserker"":2,""swarm"":1}"
"49","2","联合攻势","13","1026","209","1379.274","6.864","7","1056.274","4","1","146","28","3.5","{""swarm"":3,""shield"":3,""regenerator"":3,""warder"":1,""berserker"":2,""runner"":1}"
"49","3","急行突袭","16","1134","0","1465.229","8.432","8","941.668","1","0","158","31","3.5","{""runner"":5,""tank"":1,""sprinter"":4,""regenerator"":1,""grunt"":3,""berserker"":2}"
"49","4","护卫纵队","18","2603","428","3856.23","7.637","10","2456.951","8","2","247","34","3.5","{""shield"":4,""regenerator"":1,""berserker"":6,""warder"":2,""runner"":1,""tank"":2,""broodmother"":1,""swarm"":1}"
"49","5","密集围攻","21","2838","92","3444.145","8.979","10","1692.979","2","1","246","37","3.5","{""splitter"":4,""warder"":1,""broodmother"":5,""runner"":1,""grunt"":4,""berserker"":1,""swarm"":3,""tank"":1,""regenerator"":1}"
"49","6","重装推进","23","4318","0","7075.201","9.568","10","3607.735","7","0","313","40","3.5","{""tank"":7,""runner"":2,""regenerator"":6,""berserker"":6,""broodmother"":1,""swarm"":1}"
"49","7","联合攻势","25","4622","103","6378.359","9.331","12","3348.354","4","1","317","43","3.5","{""berserker"":8,""broodmother"":4,""swarm"":3,""tank"":3,""regenerator"":3,""warder"":1,""runner"":3}"
"49","8","急行突袭","27","2761","109","3381.574","8.888","13","1769.238","2","1","258","46","3.5","{""grunt"":6,""broodmother"":2,""runner"":7,""swarm"":2,""sprinter"":6,""tank"":1,""regenerator"":1,""warder"":1,""berserker"":1}"
"49","9","护卫纵队","29","6034","368","9340.563","9.475","13","4339.242","10","2","408","49","3.5","{""berserker"":11,""swarm"":2,""tank"":6,""support"":2,""regenerator"":2,""shield"":4,""runner"":1,""broodmother"":1}"
"49","10","决胜波次","31","5376","0","6669.091","9.605","14","2977.411","2","0","348","52","0","{""broodmother"":7,""tank"":2,""grunt"":6,""regenerator"":2,""swarm"":6,""berserker"":3,""splitter"":4,""runner"":1}"
"50","1","联合攻势","11","654","205","930.963","6","7","696.963","5","0","123","25","3.5","{""shield"":5,""swarm"":3,""regenerator"":2,""berserker"":1}"
"50","2","急行突袭","13","674","49","781.262","6.864","7","569.262","1","0","124","28","3.5","{""grunt"":4,""shield"":1,""runner"":4,""regenerator"":1,""sprinter"":2,""berserker"":1}"
"50","3","护卫纵队","16","2154","174","3470.483","9.52","8","1665.397","7","1","235","31","3.5","{""tank"":4,""regenerator"":1,""shield"":3,""berserker"":5,""runner"":1,""support"":1,""broodmother"":1}"
"50","4","密集围攻","18","1896","82","2351.057","7.843","9","1312.057","2","1","198","34","3.5","{""swarm"":5,""warder"":1,""splitter"":4,""runner"":1,""broodmother"":3,""berserker"":1,""grunt"":2,""tank"":1}"
"50","5","重装推进","21","3852","0","5913.711","8.979","9","2894.103","5","0","286","37","3.5","{""berserker"":8,""runner"":1,""tank"":5,""regenerator"":5,""broodmother"":1,""swarm"":1}"
"50","6","联合攻势","23","3760","0","5247.525","9.2","10","2872.728","3","0","281","40","3.5","{""runner"":4,""berserker"":7,""broodmother"":3,""swarm"":3,""tank"":3,""regenerator"":3}"
"50","7","急行突袭","25","2554","103","3143.316","8.813","12","1647.167","2","1","244","43","3.5","{""sprinter"":6,""broodmother"":2,""grunt"":6,""swarm"":1,""runner"":6,""tank"":1,""regenerator"":1,""warder"":1,""berserker"":1}"
"50","8","护卫纵队","27","5242","740","8564.45","9.534","12","4004.836","14","2","376","46","3.5","{""shield"":6,""swarm"":2,""berserker"":8,""tank"":6,""warder"":2,""regenerator"":1,""runner"":1,""broodmother"":1}"
"50","9","密集围攻","29","4994","0","6193.95","9.626","13","2507.158","2","0","340","49","3.5","{""splitter"":6,""tank"":2,""broodmother"":6,""regenerator"":2,""grunt"":4,""berserker"":3,""swarm"":5,""runner"":1}"
"50","10","小首领 · 重甲队长","27","6498","120","10862.998","7.988","14","6779.639","8","1","403","52","0","{""regenerator"":9,""berserker"":7,""tank"":6,""runner"":2,""重甲队长"":1,""swarm"":1,""warder"":1}"
"51","1","急行突袭","11","522","41","611.713","6","7","485.713","1","0","107","25","3.5","{""sprinter"":3,""shield"":1,""grunt"":2,""regenerator"":1,""runner"":3,""berserker"":1}"
"51","2","护卫纵队","13","1383","258","1851.823","6.864","7","1016.287","5","1","177","28","3.5","{""berserker"":6,""regenerator"":1,""shield"":4,""runner"":1,""warder"":1}"
"51","3","密集围攻","16","1355","72","1525.561","8.976","8","1055.561","1","1","164","31","3.5","{""grunt"":4,""warder"":1,""swarm"":4,""runner"":1,""splitter"":2,""berserker"":1,""broodmother"":3}"
"51","4","重装推进","18","2878","0","4593.84","8.05","9","2430.669","5","0","244","34","3.5","{""regenerator"":5,""runner"":1,""berserker"":5,""tank"":5,""broodmother"":1,""swarm"":1}"
"51","5","联合攻势","21","3294","0","4650.087","8.979","10","2562.003","3","0","258","37","3.5","{""berserker"":6,""runner"":3,""broodmother"":3,""swarm"":3,""tank"":3,""regenerator"":3}"
"51","6","急行突袭","23","2263","98","2820.896","8.464","11","1531.714","2","1","229","40","3.5","{""runner"":7,""broodmother"":2,""sprinter"":5,""swarm"":1,""grunt"":4,""tank"":1,""regenerator"":1,""warder"":1,""berserker"":1}"
"51","7","护卫纵队","25","4559","332","7347.026","9.331","11","3589.207","10","2","354","43","3.5","{""tank"":6,""swarm"":2,""shield"":4,""berserker"":8,""regenerator"":1,""support"":2,""runner"":1,""broodmother"":1}"
"51","8","密集围攻","27","3960","0","5014.926","9.534","12","2353.352","2","0","293","46","3.5","{""swarm"":7,""tank"":2,""splitter"":4,""regenerator"":2,""broodmother"":5,""berserker"":2,""grunt"":4,""runner"":1}"
"51","9","重装推进","29","6461","114","10379.041","9.776","12","4643.743","9","1","398","49","3.5","{""tank"":8,""regenerator"":8,""berserker"":8,""runner"":2,""broodmother"":1,""swarm"":1,""warder"":1}"
"51","10","联合攻势","31","6369","240","9363.861","9.466","14","4236.233","7","2","394","52","3.5","{""tank"":5,""warder"":2,""regenerator"":5,""runner"":5,""berserker"":8,""broodmother"":3,""swarm"":3}"
"51","11","决胜波次","33","3830","0","4545.294","8.576","16","2868.506","1","0","313","55","0","{""grunt"":8,""runner"":10,""berserker"":3,""sprinter"":6,""broodmother"":2,""swarm"":2,""tank"":1,""regenerator"":1}"
"52","1","护卫纵队","11","937","123","1210.567","6","7","841.104","3","1","152","25","3.5","{""berserker"":5,""regenerator"":1,""support"":1,""shield"":3,""runner"":1}"
"52","2","密集围攻","13","865","258","1153.512","6.864","7","629.512","5","1","149","28","3.5","{""shield"":4,""warder"":1,""grunt"":2,""runner"":1,""swarm"":2,""berserker"":1,""splitter"":2}"
"52","3","重装推进","16","2229","0","3660.53","9.792","7","1572.086","5","0","218","31","3.5","{""tank"":5,""runner"":1,""regenerator"":4,""berserker"":4,""broodmother"":1,""swarm"":1}"
"52","4","联合攻势","18","2491","82","3218.618","7.843","10","1876.06","2","1","217","34","3.5","{""regenerator"":3,""berserker"":5,""broodmother"":3,""warder"":1,""runner"":2,""swarm"":3,""tank"":1}"
"52","5","急行突袭","21","1846","92","2344.59","8.198","11","1387.262","2","1","204","37","3.5","{""grunt"":6,""broodmother"":1,""runner"":5,""swarm"":1,""sprinter"":4,""tank"":1,""regenerator"":1,""warder"":1,""berserker"":1}"
"52","6","护卫纵队","23","4027","508","6499.065","9.2","11","3303.021","11","2","317","40","3.5","{""berserker"":7,""swarm"":2,""tank"":5,""shield"":4,""regenerator"":1,""warder"":2,""runner"":1,""broodmother"":1}"
"52","7","密集围攻","25","3575","0","4531.243","9.504","11","2198.927","2","0","279","43","3.5","{""grunt"":5,""tank"":2,""swarm"":5,""regenerator"":1,""splitter"":4,""berserker"":2,""broodmother"":5,""runner"":1}"
"52","8","重装推进","27","5844","109","9223.688","9.696","12","4115.072","8","1","372","46","3.5","{""berserker"":8,""regenerator"":8,""tank"":7,""runner"":1,""broodmother"":1,""swarm"":1,""warder"":1}"
"52","9","联合攻势","29","5371","228","8061.091","9.626","13","3859.863","7","2","355","49","3.5","{""swarm"":5,""warder"":2,""tank"":5,""runner"":4,""regenerator"":4,""berserker"":6,""broodmother"":3}"
"52","10","急行突袭","31","3645","0","4327.948","8.77","15","2320.411","1","0","298","52","3.5","{""sprinter"":8,""runner"":8,""grunt"":7,""berserker"":3,""broodmother"":2,""swarm"":1,""tank"":1,""regenerator"":1}"
"52","11","决胜波次","33","7610","606","12221.937","9.472","15","5797.613","14","2","473","55","0","{""tank"":8,""berserker"":11,""shield"":6,""broodmother"":2,""swarm"":2,""support"":2,""regenerator"":1,""runner"":1}"
"53","1","密集围攻","11","647","175","847.463","6","7","624.463","4","1","130","25","3.5","{""splitter"":2,""warder"":1,""shield"":3,""runner"":1,""grunt"":2,""berserker"":1,""swarm"":1}"
"53","2","重装推进","13","1256","196","1660.061","6.864","7","985.524","4","0","164","28","3.5","{""berserker"":5,""runner"":1,""shield"":4,""regenerator"":2,""swarm"":1}"
"53","3","联合攻势","16","2152","0","3152.126","9.248","7","1515.775","3","0","210","31","3.5","{""tank"":3,""berserker"":5,""regenerator"":3,""broodmother"":2,""swarm"":1,""runner"":2}"
"53","4","急行突袭","18","1364","82","1767.889","7.43","10","1220","2","1","174","34","3.5","{""sprinter"":4,""broodmother"":1,""grunt"":4,""swarm"":1,""runner"":5,""tank"":1,""regenerator"":1,""warder"":1}"
"53","5","护卫纵队","21","3606","148","5649.711","8.784","10","2762.103","7","2","304","37","3.5","{""berserker"":8,""swarm"":1,""tank"":5,""support"":2,""regenerator"":1,""shield"":2,""runner"":1,""broodmother"":1}"
"53","6","密集围攻","23","3185","0","4089.236","9.2","11","1906.896","2","0","257","40","3.5","{""broodmother"":5,""tank"":2,""grunt"":4,""regenerator"":1,""swarm"":5,""berserker"":2,""splitter"":3,""runner"":1}"
"53","7","重装推进","25","5115","0","7896.526","9.331","11","3840.947","6","0","339","43","3.5","{""regenerator"":8,""berserker"":8,""tank"":6,""runner"":1,""broodmother"":1,""swarm"":1}"
"53","8","联合攻势","27","4776","109","6549.286","9.696","12","3565.834","4","1","323","46","3.5","{""broodmother"":5,""warder"":1,""swarm"":5,""runner"":4,""tank"":3,""berserker"":6,""regenerator"":3}"
"53","9","急行突袭","29","3283","0","3934.482","8.723","14","2144.769","1","0","283","49","3.5","{""runner"":9,""sprinter"":6,""berserker"":3,""grunt"":6,""broodmother"":2,""swarm"":1,""tank"":1,""regenerator"":1}"
"53","10","护卫纵队","31","7035","720","11198.951","9.605","14","5094.376","14","2","436","52","3.5","{""berserker"":11,""tank"":7,""broodmother"":2,""shield"":5,""swarm"":2,""warder"":2,""regenerator"":1,""runner"":1}"
"53","11","决胜波次","33","5404","126","6723.312","9.216","15","3596.717","3","1","359","55","0","{""grunt"":6,""broodmother"":6,""swarm"":8,""splitter"":6,""tank"":2,""regenerator"":2,""warder"":1,""runner"":1,""berserker"":1}"
"54","1","重装推进","11","849","123","1118.14","6","7","849.64","3","0","134","25","3.5","{""regenerator"":3,""runner"":1,""berserker"":3,""shield"":3,""swarm"":1}"
"54","2","联合攻势","13","989","258","1363.524","6.864","7","888.012","5","1","148","28","3.5","{""swarm"":3,""berserker"":2,""shield"":4,""regenerator"":2,""warder"":1,""runner"":1}"
"54","3","急行突袭","16","1123","72","1476.107","8.704","8","924.107","2","1","157","31","3.5","{""runner"":4,""broodmother"":1,""sprinter"":4,""swarm"":1,""grunt"":3,""tank"":1,""regenerator"":1,""warder"":1}"
"54","4","护卫纵队","18","2577","428","4067.341","7.637","10","2668.561","9","2","249","34","3.5","{""shield"":4,""swarm"":1,""berserker"":6,""tank"":3,""warder"":2,""regenerator"":1,""runner"":1}"
"54","5","密集围攻","21","2872","0","3431.584","8.979","10","1880.479","1","0","244","37","3.5","{""splitter"":4,""tank"":1,""broodmother"":5,""regenerator"":1,""grunt"":4,""berserker"":2,""swarm"":3,""runner"":1}"
"54","6","重装推进","23","4452","0","7253.201","9.568","10","3163.465","7","0","316","40","3.5","{""tank"":7,""regenerator"":7,""berserker"":6,""runner"":1,""broodmother"":1,""swarm"":1}"
"54","7","联合攻势","25","4584","206","6392.432","9.331","12","3118.038","5","2","319","43","3.5","{""berserker"":7,""warder"":2,""broodmother"":4,""runner"":3,""swarm"":3,""tank"":3,""regenerator"":3}"
"54","8","急行突袭","27","2777","0","3364.357","8.726","13","1770.796","1","0","259","46","3.5","{""grunt"":6,""runner"":8,""berserker"":3,""sprinter"":6,""broodmother"":1,""swarm"":1,""tank"":1,""regenerator"":1}"
"54","9","护卫纵队","29","6124","368","9105.951","9.475","13","4083.552","9","2","408","49","3.5","{""berserker"":12,""broodmother"":2,""support"":2,""tank"":5,""swarm"":2,""shield"":4,""regenerator"":1,""runner"":1}"
"54","10","密集围攻","31","5193","120","6468.554","9.744","14","2918.143","3","1","344","52","3.5","{""broodmother"":8,""grunt"":6,""swarm"":7,""tank"":2,""splitter"":4,""regenerator"":1,""warder"":1,""runner"":1,""berserker"":1}"
"54","11","决胜波次","33","8264","0","13426.961","9.472","15","6070.131","10","0","454","55","0","{""berserker"":11,""swarm"":2,""tank"":10,""regenerator"":8,""runner"":1,""broodmother"":1}"
"55","1","联合攻势","11","623","246","917.713","6","7","581.463","6","0","125","25","3.5","{""shield"":6,""berserker"":1,""swarm"":3,""regenerator"":1}"
"55","2","急行突袭","13","600","98","725.75","6.864","7","459.75","2","0","120","28","3.5","{""grunt"":4,""shield"":2,""runner"":3,""swarm"":1,""sprinter"":2,""regenerator"":1}"
"55","3","护卫纵队","16","1988","174","3475.78","9.52","8","1630.086","8","1","228","31","3.5","{""tank"":5,""swarm"":1,""shield"":3,""berserker"":4,""regenerator"":1,""support"":1,""runner"":1}"
"55","4","密集围攻","18","2051","0","2501.447","7.843","10","1647.168","1","0","203","34","3.5","{""swarm"":4,""tank"":1,""splitter"":4,""regenerator"":1,""broodmother"":3,""berserker"":2,""grunt"":2,""runner"":1}"
"55","5","重装推进","21","3852","0","5913.711","8.979","10","2978.042","5","0","286","37","3.5","{""berserker"":8,""regenerator"":5,""tank"":5,""runner"":1,""broodmother"":1,""swarm"":1}"
"55","6","联合攻势","23","3723","98","5260.232","9.2","10","2872.728","4","1","283","40","3.5","{""runner"":4,""warder"":1,""berserker"":6,""broodmother"":3,""swarm"":3,""tank"":3,""regenerator"":3}"
"55","7","急行突袭","25","2365","0","2872.131","8.64","12","1701.705","1","0","236","43","3.5","{""sprinter"":6,""runner"":7,""grunt"":6,""berserker"":2,""broodmother"":1,""swarm"":1,""tank"":1,""regenerator"":1}"
"55","8","护卫纵队","27","5493","740","8555.77","9.534","12","4020.836","13","2","383","46","3.5","{""shield"":6,""berserker"":9,""broodmother"":2,""warder"":2,""swarm"":1,""tank"":5,""regenerator"":1,""runner"":1}"
"55","9","密集围攻","29","4819","114","6001.626","9.626","13","2507.158","3","1","336","49","3.5","{""splitter"":6,""broodmother"":7,""swarm"":6,""grunt"":4,""tank"":2,""regenerator"":1,""warder"":1,""runner"":1,""berserker"":1}"
"55","10","重装推进","31","7230","0","11387.557","9.605","13","5196.519","8","0","416","52","3.5","{""regenerator"":10,""swarm"":2,""berserker"":9,""tank"":8,""runner"":1,""broodmother"":1}"
"55","11","小首领 · 菌甲督军","29","6540","126","9098.357","7.662","15","5263.152","5","3","421","55","0","{""regenerator"":6,""tank"":4,""berserker"":8,""warder"":1,""runner"":6,""菌甲督军"":1,""support"":2,""swarm"":1}"
"56","1","急行突袭","11","460","82","565.25","6","7","349.25","2","0","103","25","3.5","{""sprinter"":3,""shield"":2,""grunt"":2,""swarm"":1,""runner"":2,""regenerator"":1}"
"56","2","护卫纵队","13","1309","307","1796.311","6.864","7","1071.287","6","1","173","28","3.5","{""berserker"":5,""swarm"":1,""shield"":5,""regenerator"":1,""warder"":1}"
"56","3","密集围攻","16","1467","0","1840.229","8.976","8","993.122","1","0","171","31","3.5","{""grunt"":4,""tank"":1,""swarm"":3,""regenerator"":1,""splitter"":2,""berserker"":2,""broodmother"":2,""runner"":1}"
"56","4","重装推进","18","2873","0","4368.23","7.843","9","2217.06","4","0","241","34","3.5","{""regenerator"":5,""berserker"":6,""tank"":4,""runner"":1,""broodmother"":1,""swarm"":1}"
"56","5","联合攻势","21","3260","92","4662.648","8.979","10","2273.175","4","1","260","37","3.5","{""berserker"":5,""warder"":1,""runner"":3,""broodmother"":3,""swarm"":3,""tank"":3,""regenerator"":3}"
"56","6","急行突袭","23","2086","0","2565.744","8.464","11","1551.451","1","0","221","40","3.5","{""runner"":8,""sprinter"":5,""berserker"":2,""grunt"":4,""broodmother"":1,""swarm"":1,""tank"":1,""regenerator"":1}"
"56","7","护卫纵队","25","4763","332","7601.953","9.331","12","3589.207","10","2","363","43","3.5","{""tank"":6,""berserker"":9,""shield"":4,""broodmother"":1,""swarm"":1,""support"":2,""regenerator"":1,""runner"":1}"
"56","8","密集围攻","27","3789","109","4536.685","9.534","12","2340.794","2","1","286","46","3.5","{""swarm"":8,""broodmother"":6,""splitter"":4,""tank"":1,""grunt"":4,""regenerator"":1,""warder"":1,""runner"":1,""berserker"":1}"
"56","9","重装推进","29","6491","0","10658.232","9.926","13","4878.355","9","0","395","49","3.5","{""tank"":9,""swarm"":2,""regenerator"":8,""berserker"":8,""runner"":1,""broodmother"":1}"
"56","10","联合攻势","31","6585","120","9895.003","9.605","14","4252.895","7","1","398","52","3.5","{""tank"":6,""regenerator"":6,""berserker"":8,""runner"":4,""broodmother"":3,""swarm"":3,""warder"":1}"
"56","11","决胜波次","33","3927","126","4788.128","8.448","16","2621.006","2","1","321","55","0","{""grunt"":8,""regenerator"":2,""runner"":10,""berserker"":3,""sprinter"":6,""broodmother"":1,""swarm"":1,""tank"":1,""warder"":1}"
"57","1","护卫纵队","11","875","164","1164.104","6","7","764.177","4","1","148","25","3.5","{""berserker"":4,""swarm"":1,""shield"":4,""support"":1,""regenerator"":1}"
"57","2","密集围攻","13","860","196","1114.262","6.864","7","645.262","4","0","145","28","3.5","{""shield"":4,""grunt"":2,""regenerator"":1,""swarm"":2,""berserker"":1,""splitter"":2,""runner"":1}"
"57","3","重装推进","16","2335","0","3606.483","9.52","7","1664.586","4","0","222","31","3.5","{""tank"":4,""regenerator"":5,""berserker"":5,""runner"":1,""broodmother"":1}"
"57","4","联合攻势","18","2348","164","3080.228","7.843","10","1716.339","3","2","216","34","3.5","{""regenerator"":2,""warder"":2,""berserker"":4,""runner"":3,""broodmother"":3,""swarm"":3,""tank"":1}"
"57","5","急行突袭","21","1880","0","2332.029","8.198","10","1387.09","1","0","202","37","3.5","{""grunt"":6,""runner"":5,""berserker"":2,""sprinter"":4,""broodmother"":1,""swarm"":1,""tank"":1,""regenerator"":1}"
"57","6","护卫纵队","23","4220","508","6740.357","9.2","10","3376.314","11","2","326","40","3.5","{""berserker"":8,""tank"":5,""broodmother"":1,""shield"":4,""swarm"":1,""warder"":2,""regenerator"":1,""runner"":1}"
"57","7","密集围攻","25","3570","103","4279.76","9.504","12","2194.389","2","1","279","43","3.5","{""grunt"":5,""broodmother"":6,""swarm"":5,""splitter"":4,""tank"":1,""regenerator"":1,""warder"":1,""runner"":1,""berserker"":1}"
"57","8","重装推进","27","5724","0","9290.926","9.858","12","4311.074","8","0","366","46","3.5","{""berserker"":8,""swarm"":2,""tank"":8,""regenerator"":7,""runner"":1,""broodmother"":1}"
"57","9","联合攻势","29","5576","114","8566.781","9.776","13","3759.418","7","1","359","49","3.5","{""swarm"":5,""tank"":6,""regenerator"":5,""berserker"":6,""warder"":1,""runner"":3,""broodmother"":3}"
"57","10","急行突袭","31","3501","120","4263.679","8.63","14","2341.411","2","1","297","52","3.5","{""sprinter"":8,""regenerator"":2,""grunt"":7,""berserker"":2,""runner"":8,""broodmother"":1,""swarm"":1,""tank"":1,""warder"":1}"
"57","11","决胜波次","33","7575","732","11913.841","9.344","15","5434.491","14","3","476","55","0","{""tank"":7,""warder"":1,""shield"":6,""runner"":2,""berserker"":11,""support"":2,""broodmother"":2,""swarm"":1,""regenerator"":1}"
"58","1","密集围攻","11","643","123","814.713","6","7","672.713","3","0","126","25","3.5","{""splitter"":2,""shield"":3,""regenerator"":1,""grunt"":2,""berserker"":1,""swarm"":1,""runner"":1}"
"58","2","重装推进","13","1415","147","1828.323","6.864","7","1032.037","3","0","171","28","3.5","{""berserker"":6,""regenerator"":3,""shield"":3,""runner"":1}"
"58","3","联合攻势","16","2024","72","2836.019","8.976","8","1543.775","3","1","206","31","3.5","{""tank"":2,""warder"":1,""regenerator"":2,""runner"":3,""berserker"":5,""broodmother"":2,""swarm"":1}"
"58","4","急行突袭","18","1394","0","1756.279","7.43","10","1236.279","1","0","172","34","3.5","{""sprinter"":4,""runner"":5,""grunt"":4,""berserker"":1,""broodmother"":1,""swarm"":1,""tank"":1,""regenerator"":1}"
"58","5","护卫纵队","21","3606","148","5649.711","8.784","10","2693.78","7","2","304","37","3.5","{""berserker"":8,""broodmother"":1,""support"":2,""tank"":5,""swarm"":1,""shield"":2,""regenerator"":1,""runner"":1}"
"58","6","密集围攻","23","3179","98","3850.674","9.2","10","2017.603","2","1","257","40","3.5","{""broodmother"":6,""grunt"":4,""swarm"":5,""tank"":1,""splitter"":3,""regenerator"":1,""warder"":1,""runner"":1,""berserker"":1}"
"58","7","重装推进","25","4957","0","7692.026","9.331","11","3761.707","6","0","332","43","3.5","{""regenerator"":7,""swarm"":2,""berserker"":8,""tank"":6,""runner"":1,""broodmother"":1}"
"58","8","联合攻势","27","4972","0","7030.524","9.858","12","3315.376","4","0","327","46","3.5","{""broodmother"":5,""tank"":4,""swarm"":5,""regenerator"":4,""berserker"":6,""runner"":3}"
"58","9","急行突袭","29","3145","114","3871.903","8.723","14","2159.135","2","1","282","49","3.5","{""runner"":9,""regenerator"":2,""sprinter"":6,""berserker"":2,""grunt"":6,""broodmother"":1,""swarm"":1,""tank"":1,""warder"":1}"
"58","10","护卫纵队","31","6963","840","11211.951","9.466","13","5153.645","15","3","441","52","3.5","{""berserker"":11,""warder"":3,""tank"":7,""runner"":2,""shield"":5,""broodmother"":1,""swarm"":1,""regenerator"":1}"
"58","11","决胜波次","33","5272","0","6133.961","9.088","15","3216.717","1","0","351","55","0","{""grunt"":6,""runner"":2,""swarm"":8,""berserker"":3,""splitter"":6,""broodmother"":6,""tank"":1,""regenerator"":1}"
"59","1","重装推进","11","982","82","1258.854","6","7","876.14","2","0","141","25","3.5","{""regenerator"":4,""berserker"":4,""shield"":2,""runner"":1}"
"59","2","联合攻势","13","1040","271","1427.524","6.864","7","1040.524","5","2","154","28","3.5","{""swarm"":2,""warder"":2,""shield"":3,""runner"":2,""regenerator"":2,""berserker"":2}"
"59","3","急行突袭","16","1052","0","1336.418","8.704","8","785.857","1","0","152","31","3.5","{""runner"":5,""sprinter"":4,""berserker"":1,""grunt"":3,""broodmother"":1,""swarm"":1,""tank"":1}"
"59","4","护卫纵队","18","2757","428","4271.23","7.843","10","2547.78","9","2","255","34","3.5","{""shield"":4,""berserker"":6,""broodmother"":1,""warder"":2,""swarm"":1,""tank"":3,""regenerator"":1}"
"59","5","密集围攻","21","2838","92","3444.145","8.979","10","1714.429","2","1","246","37","3.5","{""splitter"":4,""broodmother"":5,""swarm"":3,""grunt"":4,""tank"":1,""regenerator"":1,""warder"":1,""runner"":1,""berserker"":1}"
"59","6","重装推进","23","4303","0","7060.201","9.568","10","3607.735","7","0","309","40","3.5","{""tank"":7,""swarm"":2,""regenerator"":6,""berserker"":6,""runner"":1,""broodmother"":1}"
"59","7","联合攻势","25","4628","103","6662.099","9.504","11","3117.225","5","1","320","43","3.5","{""berserker"":7,""tank"":4,""broodmother"":4,""regenerator"":3,""swarm"":3,""runner"":3,""warder"":1}"
"59","8","急行突袭","27","2886","109","3577.577","8.726","13","1789.796","2","1","264","46","3.5","{""grunt"":6,""regenerator"":2,""runner"":7,""berserker"":2,""sprinter"":6,""broodmother"":1,""swarm"":1,""tank"":1,""warder"":1}"
"59","9","护卫纵队","29","6056","482","9118.507","9.325","12","4083.552","10","3","413","49","3.5","{""berserker"":12,""warder"":1,""runner"":2,""support"":2,""tank"":5,""shield"":4,""broodmother"":1,""swarm"":1,""regenerator"":1}"
"59","10","密集围攻","31","5250","0","6142.948","9.605","14","2977.411","1","0","343","52","3.5","{""broodmother"":8,""runner"":2,""grunt"":6,""berserker"":3,""swarm"":6,""splitter"":4,""tank"":1,""regenerator"":1}"
"59","11","决胜波次","33","8368","0","13511.127","9.6","15","6070.131","10","0","457","55","0","{""berserker"":11,""tank"":10,""broodmother"":2,""regenerator"":7,""swarm"":2,""runner"":1}"
"60","1","联合攻势","11","666","257","971.713","6","7","602.713","6","1","131","25","3.5","{""shield"":5,""warder"":1,""swarm"":2,""runner"":1,""berserker"":1,""regenerator"":1}"
"60","2","急行突袭","13","580","49","659.512","6.864","7","479.512","1","0","117","28","3.5","{""grunt"":4,""runner"":4,""berserker"":1,""sprinter"":2,""shield"":1,""swarm"":1}"
"60","3","护卫纵队","16","2146","174","3654.78","9.792","7","1811.943","8","1","234","31","3.5","{""tank"":5,""berserker"":4,""shield"":3,""broodmother"":1,""swarm"":1,""support"":1,""regenerator"":1}"
"60","4","密集围攻","18","1860","82","2311.667","7.843","10","1588.778","2","1","196","34","3.5","{""swarm"":5,""broodmother"":3,""splitter"":4,""tank"":1,""grunt"":2,""regenerator"":1,""warder"":1,""runner"":1}"
"60","5","重装推进","21","3852","0","5913.711","8.979","10","2933.103","5","0","286","37","3.5","{""berserker"":8,""swarm"":1,""tank"":5,""regenerator"":5,""runner"":1,""broodmother"":1}"
"60","6","联合攻势","23","3765","0","5514.947","9.2","10","2669.751","4","0","284","40","3.5","{""runner"":4,""tank"":4,""berserker"":6,""regenerator"":3,""broodmother"":3,""swarm"":3}"
"60","7","急行突袭","25","2507","0","3060.631","8.64","12","1683.705","1","0","239","43","3.5","{""sprinter"":6,""regenerator"":2,""grunt"":6,""berserker"":2,""runner"":6,""broodmother"":1,""swarm"":1,""tank"":1}"
"60","8","护卫纵队","27","5212","849","8298.212","9.373","12","4004.836","14","3","379","46","3.5","{""shield"":6,""warder"":3,""berserker"":8,""runner"":2,""tank"":5,""broodmother"":1,""swarm"":1,""regenerator"":1}"
"60","9","章节首领","30","5848","206","7469.059","11.275","13","4116.513","2","0","430","49","0","{""splitter"":6,""runner"":2,""broodmother"":7,""berserker"":3,""grunt"":4,""swarm"":5,""tank"":1,""熔火灭世领主"":1,""regenerator"":1}"
"61","1","急行突袭","11","514","95","609","6","7","427","2","1","110","25","3.5","{""sprinter"":4,""warder"":1,""grunt"":2,""shield"":1,""runner"":2,""splitter"":1}"
"61","2","护卫纵队","13","884","313","1197","6.864","7","822","6","1","148","28","3.5","{""sprinter"":6,""shield"":5,""splitter"":1,""warder"":1}"
"61","3","密集围攻","16","1267","73","1382.444","8.704","8","900.444","1","2","170","31","3.5","{""grunt"":4,""support"":1,""swarm"":3,""splitter"":3,""sprinter"":2,""broodmother"":2,""warder"":1}"
"61","4","重装推进","19","2741","66","4212.493","8.256","9","2036.121","5","0","244","34","3.5","{""regenerator"":5,""splitter"":1,""berserker"":4,""sprinter"":4,""tank"":4,""shield"":1}"
"61","5","联合攻势","22","2362","315","2677","8.198","11","1518","4","6","293","37","3.5","{""splitter"":5,""emp"":3,""sprinter"":8,""warder"":1,""shield"":3,""support"":2}"
"61","6","急行突袭","24","1697","79","1776","8.464","11","937","1","0","210","40","3.5","{""runner"":6,""sprinter"":12,""grunt"":4,""shield"":1,""splitter"":1}"
"61","7","护卫纵队","26","3523","602","5782.143","9.504","12","2661.857","12","5","349","43","3.5","{""tank"":5,""warder"":1,""shield"":6,""sprinter"":9,""support"":3,""splitter"":1,""emp"":1}"
"61","8","密集围攻","28","3413","176","3717","9.373","12","1705","2","0","288","46","3.5","{""swarm"":6,""shield"":2,""splitter"":7,""sprinter"":5,""broodmother"":4,""grunt"":4}"
"61","9","重装推进","30","6277","207","10077.106","9.776","13","4435.293","10","3","422","49","3.5","{""tank"":8,""support"":1,""regenerator"":6,""splitter"":2,""berserker"":6,""sprinter"":4,""warder"":1,""shield"":1,""emp"":1}"
"61","10","联合攻势","32","3770","388","4158","8.63","15","2127","4","0","316","52","3.5","{""sprinter"":22,""splitter"":6,""shield"":4}"
"61","11","急行突袭","34","3288","329","3617","8.448","16","1934","3","3","330","55","3.5","{""grunt"":8,""emp"":1,""runner"":8,""sprinter"":12,""shield"":2,""support"":1,""splitter"":1,""warder"":1}"
"61","12","决胜波次","36","6026","1244","9788.857","8.76","17","5004.238","17","3","426","58","0","{""shield"":8,""sprinter"":17,""warder"":3,""tank"":6,""splitter"":2}"
"62","1","护卫纵队","11","595","168","763","6","7","532","4","1","129","25","3.5","{""sprinter"":5,""shield"":4,""support"":1,""splitter"":1}"
"62","2","密集围攻","13","775","150","925","6.864","7","501","3","1","145","28","3.5","{""shield"":3,""support"":1,""grunt"":2,""splitter"":3,""swarm"":2,""sprinter"":2}"
"62","3","重装推进","16","2055","58","3280","9.248","7","1530.5","5","0","210","31","3.5","{""tank"":4,""splitter"":1,""regenerator"":4,""sprinter"":3,""berserker"":3,""shield"":1}"
"62","4","联合攻势","19","1589","198","1787","7.43","10","1037","3","2","212","34","3.5","{""sprinter"":11,""emp"":1,""splitter"":3,""shield"":3,""support"":1}"
"62","5","急行突袭","22","1449","74","1523","8.198","11","883","1","0","193","37","3.5","{""grunt"":6,""sprinter"":9,""runner"":5,""shield"":1,""splitter"":1}"
"62","6","护卫纵队","24","3161","771","5185.905","9.2","11","2540.952","13","4","307","40","3.5","{""sprinter"":9,""warder"":3,""tank"":4,""shield"":6,""splitter"":1,""emp"":1}"
"62","7","密集围攻","26","3098","166","3385.778","9.331","12","1619.889","2","0","272","43","3.5","{""grunt"":5,""shield"":2,""swarm"":4,""sprinter"":5,""splitter"":6,""broodmother"":4}"
"62","8","重装推进","28","5624","198","8594.822","9.696","12","3917.801","8","3","394","46","3.5","{""berserker"":7,""support"":1,""tank"":6,""splitter"":2,""regenerator"":6,""sprinter"":3,""warder"":1,""shield"":1,""emp"":1}"
"62","9","联合攻势","30","3768","575","4343","8.723","14","2202","6","5","362","49","3.5","{""shield"":5,""splitter"":6,""sprinter"":14,""support"":2,""emp"":2,""warder"":1}"
"62","10","急行突袭","32","3067","315","3382","8.63","15","1720","3","3","312","52","3.5","{""sprinter"":13,""emp"":1,""grunt"":7,""runner"":6,""shield"":2,""support"":1,""splitter"":1,""warder"":1}"
"62","11","护卫纵队","34","5253","808","8472.143","9.216","15","4456.429","14","3","419","55","3.5","{""tank"":6,""sprinter"":15,""shield"":8,""support"":3,""splitter"":2}"
"62","12","决胜波次","36","5728","344","6303.333","8.877","17","3159.222","3","3","404","58","0","{""swarm"":6,""warder"":1,""splitter"":8,""shield"":2,""broodmother"":6,""sprinter"":5,""grunt"":6,""emp"":1,""support"":1}"
"63","1","密集围攻","11","565","126","691","6","7","508","3","1","128","25","3.5","{""splitter"":2,""emp"":1,""shield"":3,""sprinter"":1,""grunt"":3,""swarm"":1}"
"63","2","重装推进","13","1216","200","1596.305","6.864","7","914.402","4","0","160","28","3.5","{""berserker"":4,""sprinter"":1,""shield"":4,""grunt"":2,""regenerator"":2}"
"63","3","联合攻势","16","1145","247","1392","8.16","8","854","4","1","174","31","3.5","{""stalker"":1,""warder"":1,""grunt"":8,""shield"":3,""splitter"":3}"
"63","4","急行突袭","19","1228","66","1294","7.43","10","777","1","1","185","34","3.5","{""runner"":4,""shield"":1,""sprinter"":5,""stalker"":2,""splitter"":1,""grunt"":5,""emp"":1}"
"63","5","护卫纵队","22","2345","222","3749.095","8.979","10","1848.048","7","3","273","37","3.5","{""stalker"":2,""support"":3,""grunt"":8,""splitter"":1,""tank"":4,""shield"":3,""sprinter"":1}"
"63","6","密集围攻","24","2687","178","2951.333","9.016","11","1441.778","2","1","255","40","3.5","{""broodmother"":3,""splitter"":6,""grunt"":6,""stalker"":2,""swarm"":4,""sprinter"":1,""warder"":1,""shield"":1}"
"63","7","重装推进","26","4585","0","6833.655","9.504","11","3321.042","5","1","336","43","3.5","{""regenerator"":6,""stalker"":2,""berserker"":6,""tank"":5,""sprinter"":1,""grunt"":4,""splitter"":1,""emp"":1}"
"63","8","联合攻势","28","2777","264","3041","8.726","13","1736","3","3","301","46","3.5","{""stalker"":2,""emp"":2,""sprinter"":6,""grunt"":11,""shield"":3,""support"":1,""splitter"":3}"
"63","9","急行突袭","30","2664","299","2963","8.723","14","1420","3","1","274","49","3.5","{""sprinter"":8,""stalker"":2,""grunt"":12,""shield"":2,""runner"":4,""splitter"":1,""warder"":1}"
"63","10","护卫纵队","32","4870","1042","8215.429","9.466","14","3727.714","16","3","392","52","3.5","{""stalker"":2,""warder"":3,""tank"":6,""shield"":7,""grunt"":11,""splitter"":2,""sprinter"":1}"
"63","11","密集围攻","34","4977","202","5364","8.96","15","2848","2","2","380","55","3.5","{""grunt"":9,""shield"":2,""swarm"":5,""stalker"":2,""splitter"":8,""broodmother"":5,""emp"":1,""sprinter"":1,""support"":1}"
"63","12","决胜波次","36","7986","106","12029.984","8.994","17","5893.482","8","1","464","58","0","{""tank"":7,""support"":1,""regenerator"":8,""splitter"":2,""berserker"":8,""stalker"":2,""sprinter"":2,""grunt"":5,""shield"":1}"
"64","1","重装推进","11","864","126","1113.494","6","7","778.994","3","0","134","25","3.5","{""regenerator"":3,""sprinter"":1,""berserker"":2,""stalker"":2,""shield"":3}"
"64","2","联合攻势","13","1008","276","1284","6.864","7","794","5","3","167","28","3.5","{""sprinter"":2,""warder"":2,""stalker"":3,""shield"":3,""support"":1,""splitter"":2}"
"64","3","急行突袭","16","986","58","1044","8.16","8","597","1","1","164","31","3.5","{""grunt"":4,""shield"":1,""runner"":3,""stalker"":4,""sprinter"":2,""splitter"":1,""emp"":1}"
"64","4","护卫纵队","19","2065","430","3022.524","7.843","10","1869.524","8","3","243","34","3.5","{""shield"":4,""support"":1,""stalker"":8,""splitter"":1,""warder"":2,""tank"":2,""sprinter"":1}"
"64","5","密集围攻","22","2608","167","2883.444","8.979","10","1520.222","2","1","245","37","3.5","{""splitter"":5,""broodmother"":4,""stalker"":3,""grunt"":4,""swarm"":3,""sprinter"":1,""warder"":1,""shield"":1}"
"64","6","重装推进","24","4178","79","6599.784","9.568","10","3051.892","7","0","316","40","3.5","{""tank"":6,""stalker"":5,""regenerator"":6,""berserker"":4,""sprinter"":1,""shield"":1,""splitter"":1}"
"64","7","联合攻势","26","3065","353","3418","8.64","12","1928","4","5","322","43","3.5","{""stalker"":11,""emp"":2,""sprinter"":4,""warder"":1,""shield"":3,""support"":2,""splitter"":3}"
"64","8","急行突袭","28","2579","198","2777","8.726","13","1425","2","1","266","46","3.5","{""runner"":6,""sprinter"":7,""stalker"":8,""shield"":1,""grunt"":4,""splitter"":1,""warder"":1}"
"64","9","护卫纵队","30","4440","667","6576.333","9.325","13","3379","11","4","387","49","3.5","{""stalker"":14,""warder"":1,""shield"":6,""support"":3,""tank"":4,""splitter"":1,""sprinter"":1}"
"64","10","密集围攻","32","4758","194","5164","9.466","14","2462","2","2","363","52","3.5","{""broodmother"":6,""shield"":2,""grunt"":6,""stalker"":4,""swarm"":5,""splitter"":6,""emp"":1,""sprinter"":1,""support"":1}"
"64","11","重装推进","34","7759","101","11974.345","9.472","15","5567.672","9","1","461","55","3.5","{""berserker"":8,""support"":1,""tank"":8,""splitter"":2,""regenerator"":7,""stalker"":6,""sprinter"":1,""shield"":1}"
"64","12","决胜波次","36","5448","582","6030","8.176","18","3491","5","4","416","58","0","{""stalker"":17,""splitter"":6,""emp"":1,""sprinter"":6,""warder"":2,""shield"":3,""support"":1}"
"65","1","联合攻势","11","660","137","797","6","7","506","3","1","124","25","3.5","{""stalker"":5,""warder"":1,""sprinter"":2,""shield"":2,""splitter"":1}"
"65","2","急行突袭","13","726","50","776","6.864","7","451","1","0","128","28","3.5","{""stalker"":5,""shield"":1,""grunt"":2,""runner"":2,""splitter"":1,""sprinter"":2}"
"65","3","护卫纵队","16","1638","174","2740","9.248","8","1351","7","2","220","31","3.5","{""tank"":4,""support"":2,""shield"":3,""splitter"":1,""stalker"":5,""sprinter"":1}"
"65","4","密集围攻","19","1942","149","2163.667","7.843","10","1119.444","2","1","209","34","3.5","{""swarm"":4,""splitter"":5,""stalker"":2,""broodmother"":3,""grunt"":2,""sprinter"":1,""warder"":1,""shield"":1}"
"65","5","重装推进","22","3709","74","5703.887","8.979","10","2877.328","6","0","293","37","3.5","{""berserker"":6,""stalker"":4,""tank"":5,""regenerator"":4,""sprinter"":1,""shield"":1,""splitter"":1}"
"65","6","联合攻势","24","2692","237","2929","8.464","11","1449","3","2","286","40","3.5","{""splitter"":5,""emp"":1,""stalker"":11,""sprinter"":3,""shield"":3,""support"":1}"
"65","7","急行突袭","26","2333","187","2520","8.64","12","1199","2","1","248","43","3.5","{""grunt"":5,""sprinter"":6,""runner"":4,""stalker"":8,""shield"":1,""splitter"":1,""warder"":1}"
"65","8","护卫纵队","28","4198","1034","6629.524","9.373","12","3115.762","15","3","360","46","3.5","{""shield"":8,""warder"":3,""stalker"":11,""tank"":4,""splitter"":1,""sprinter"":1}"
"65","9","密集围攻","30","4574","184","4960","9.475","13","2189","2","2","360","49","3.5","{""splitter"":8,""shield"":2,""broodmother"":6,""stalker"":3,""grunt"":4,""swarm"":4,""emp"":1,""sprinter"":1,""support"":1}"
"65","10","重装推进","32","6802","97","10056.38","9.466","14","4859.741","7","1","425","52","3.5","{""regenerator"":8,""support"":1,""berserker"":7,""splitter"":2,""tank"":6,""stalker"":6,""sprinter"":1,""shield"":1}"
"65","11","联合攻势","34","4944","632","5576","8.448","16","2758","6","3","402","55","3.5","{""shield"":5,""splitter"":6,""stalker"":16,""support"":1,""sprinter"":4,""warder"":1,""emp"":1}"
"65","12","小首领 · 霜原追猎长","32","4286","212","4498","7.291","18","2795","2","1","369","58","0","{""runner"":4,""stalker"":11,""sprinter"":6,""grunt"":6,""霜原追猎长"":1,""shield"":2,""splitter"":1,""emp"":1}"
"66","1","急行突袭","11","529","42","571","6","7","420","1","0","109","25","3.5","{""sprinter"":2,""shield"":1,""stalker"":4,""grunt"":2,""splitter"":1,""runner"":1}"
"66","2","护卫纵队","13","972","263","1235","6.864","7","838","5","2","165","28","3.5","{""stalker"":6,""support"":1,""shield"":4,""splitter"":1,""warder"":1}"
"66","3","密集围攻","16","1285","73","1400.444","8.704","8","919.444","1","1","163","31","3.5","{""grunt"":4,""splitter"":3,""swarm"":3,""stalker"":2,""broodmother"":2,""sprinter"":1,""warder"":1}"
"66","4","重装推进","19","2771","66","4242.493","8.256","9","2078.121","5","0","246","34","3.5","{""regenerator"":5,""stalker"":4,""berserker"":4,""tank"":4,""sprinter"":1,""shield"":1}"
"66","5","联合攻势","22","2378","315","2693","8.198","11","1503","4","5","284","37","3.5","{""stalker"":8,""emp"":2,""splitter"":3,""sprinter"":3,""shield"":3,""support"":2,""warder"":1}"
"66","6","急行突袭","24","1971","79","2050","8.464","11","1074","1","0","224","40","3.5","{""stalker"":8,""sprinter"":6,""grunt"":4,""runner"":4,""shield"":1,""splitter"":1}"
"66","7","护卫纵队","26","3694","602","5953.143","9.504","12","2765.857","12","3","345","43","3.5","{""tank"":5,""warder"":1,""shield"":6,""stalker"":10,""support"":2,""splitter"":1,""sprinter"":1}"
"66","8","密集围攻","28","3516","176","3820","9.373","12","1759","2","2","312","46","3.5","{""swarm"":6,""shield"":2,""splitter"":6,""stalker"":3,""broodmother"":4,""grunt"":4,""emp"":1,""sprinter"":1,""support"":1}"
"66","9","重装推进","30","6230","92","9915.106","9.776","13","4328.293","9","1","411","49","3.5","{""tank"":8,""support"":1,""regenerator"":6,""splitter"":2,""berserker"":6,""stalker"":5,""sprinter"":1,""shield"":1}"
"66","10","联合攻势","32","4521","727","5248","8.63","15","2720","7","4","384","52","3.5","{""stalker"":14,""splitter"":5,""shield"":5,""sprinter"":4,""warder"":2,""emp"":1,""support"":1}"
"66","11","急行突袭","34","3561","101","3662","8.448","16","1947","1","1","325","55","3.5","{""grunt"":6,""stalker"":11,""runner"":6,""sprinter"":8,""shield"":1,""splitter"":1,""emp"":1}"
"66","12","决胜波次","36","6514","1244","10276.857","8.76","17","5364.238","17","5","472","58","0","{""shield"":8,""emp"":1,""stalker"":14,""sprinter"":2,""warder"":3,""tank"":6,""support"":1,""splitter"":1}"
"67","1","护卫纵队","11","654","126","780","6","7","558","3","2","144","25","3.5","{""stalker"":5,""support"":2,""splitter"":1,""shield"":3}"
"67","2","密集围攻","13","790","150","940","6.864","7","500","3","0","138","28","3.5","{""shield"":3,""splitter"":3,""grunt"":2,""stalker"":2,""swarm"":2,""sprinter"":1}"
"67","3","重装推进","16","2064","58","3289","9.248","7","1549.5","5","0","210","31","3.5","{""tank"":4,""stalker"":3,""regenerator"":4,""berserker"":3,""sprinter"":1,""shield"":1}"
"67","4","联合攻势","19","1759","198","1957","7.43","10","1102","3","3","237","34","3.5","{""shield"":3,""emp"":1,""stalker"":7,""sprinter"":3,""support"":2,""splitter"":3}"
"67","5","急行突袭","22","1745","74","1819","8.198","11","997","1","0","207","37","3.5","{""sprinter"":5,""stalker"":8,""grunt"":4,""shield"":1,""runner"":3,""splitter"":1}"
"67","6","护卫纵队","24","3315","692","5260.905","9.2","11","2590.952","12","3","308","40","3.5","{""stalker"":10,""warder"":3,""tank"":4,""shield"":5,""splitter"":1,""sprinter"":1}"
"67","7","密集围攻","26","3197","166","3484.778","9.331","12","1671.889","2","2","296","43","3.5","{""grunt"":5,""shield"":2,""swarm"":4,""stalker"":3,""splitter"":5,""broodmother"":4,""emp"":1,""sprinter"":1,""support"":1}"
"67","8","重装推进","28","5551","88","8411.822","9.696","12","3743.801","7","1","381","46","3.5","{""berserker"":7,""support"":1,""tank"":6,""splitter"":2,""regenerator"":6,""stalker"":4,""sprinter"":1,""shield"":1}"
"67","9","联合攻势","30","3954","690","4644","8.723","14","2512","7","3","347","49","3.5","{""sprinter"":5,""splitter"":4,""stalker"":13,""warder"":2,""shield"":5,""support"":1}"
"67","10","急行突袭","32","3286","97","3383","8.63","15","1788","1","1","310","52","3.5","{""stalker"":12,""grunt"":6,""runner"":5,""sprinter"":6,""shield"":1,""splitter"":1,""emp"":1}"
"67","11","护卫纵队","34","5662","808","8881.143","9.216","15","4609.429","14","5","461","55","3.5","{""tank"":6,""emp"":1,""shield"":8,""sprinter"":2,""stalker"":12,""support"":4,""splitter"":1}"
"67","12","决胜波次","36","5781","344","6356.333","8.877","17","3377.222","3","1","390","58","0","{""swarm"":6,""sprinter"":2,""splitter"":8,""stalker"":5,""broodmother"":6,""shield"":2,""grunt"":6,""warder"":1}"
"68","1","密集围攻","11","584","84","668","6","7","525","2","0","119","25","3.5","{""splitter"":3,""shield"":2,""stalker"":2,""grunt"":2,""swarm"":1,""sprinter"":1}"
"68","2","重装推进","13","1263","150","1593.305","6.864","7","867.402","3","0","160","28","3.5","{""berserker"":4,""stalker"":3,""shield"":3,""regenerator"":2,""sprinter"":1}"
"68","3","联合攻势","16","1325","174","1499","8.16","8","830","3","2","198","31","3.5","{""stalker"":8,""emp"":1,""shield"":3,""sprinter"":1,""splitter"":2,""support"":1}"
"68","4","急行突袭","19","1312","66","1378","7.43","10","835","1","0","180","34","3.5","{""runner"":4,""sprinter"":5,""stalker"":6,""shield"":1,""grunt"":2,""splitter"":1}"
"68","5","护卫纵队","22","2770","389","4341.095","8.979","10","2188.048","9","3","290","37","3.5","{""stalker"":9,""warder"":1,""shield"":4,""support"":2,""tank"":4,""splitter"":1,""sprinter"":1}"
"68","6","密集围攻","24","2858","158","3131.111","9.2","11","1461.556","2","1","269","40","3.5","{""broodmother"":4,""shield"":2,""grunt"":4,""stalker"":3,""swarm"":4,""splitter"":5,""emp"":1,""sprinter"":1}"
"68","7","重装推进","26","4796","83","7127.655","9.504","11","3470.042","6","1","350","43","3.5","{""regenerator"":6,""support"":1,""berserker"":6,""splitter"":2,""tank"":5,""stalker"":4,""sprinter"":1,""shield"":1}"
"68","8","联合攻势","28","3439","374","3813","8.726","13","2108","4","2","315","46","3.5","{""stalker"":14,""splitter"":4,""sprinter"":5,""shield"":3,""warder"":1,""emp"":1}"
"68","9","急行突袭","30","3004","92","3096","8.723","14","1553","1","1","291","49","3.5","{""sprinter"":8,""stalker"":11,""grunt"":4,""runner"":4,""shield"":1,""splitter"":1,""emp"":1}"
"68","10","护卫纵队","32","5327","921","8551.429","9.466","14","3970.714","15","4","422","52","3.5","{""stalker"":12,""emp"":1,""tank"":6,""sprinter"":2,""shield"":7,""warder"":2,""support"":1,""splitter"":1}"
"68","11","密集围攻","34","5028","329","5542","8.96","15","2869","3","1","361","55","3.5","{""grunt"":6,""sprinter"":2,""swarm"":6,""stalker"":5,""splitter"":7,""shield"":2,""broodmother"":5,""warder"":1}"
"68","12","决胜波次","36","8610","344","13311.793","9.11","16","6290.482","11","1","484","58","0","{""tank"":8,""warder"":1,""regenerator"":8,""shield"":2,""berserker"":8,""stalker"":6,""splitter"":2,""sprinter"":1}"
"69","1","重装推进","11","856","84","1063.494","6","7","742.744","2","0","130","25","3.5","{""regenerator"":3,""stalker"":3,""berserker"":2,""shield"":2,""sprinter"":1}"
"69","2","联合攻势","13","935","213","1148","6.864","7","755","4","3","166","28","3.5","{""sprinter"":3,""emp"":1,""stalker"":3,""warder"":1,""shield"":3,""support"":1,""splitter"":1}"
"69","3","急行突袭","16","944","58","1002","8.16","8","642","1","0","151","31","3.5","{""grunt"":4,""sprinter"":3,""runner"":3,""stalker"":4,""shield"":1,""splitter"":1}"
"69","4","护卫纵队","19","2166","579","3272.524","7.843","10","1948.524","10","3","246","34","3.5","{""shield"":5,""warder"":3,""stalker"":8,""tank"":2,""splitter"":1}"
"69","5","密集围攻","22","2561","74","2743.444","8.979","10","1369.222","1","1","250","37","3.5","{""splitter"":5,""shield"":1,""broodmother"":4,""stalker"":3,""grunt"":4,""swarm"":3,""emp"":1,""sprinter"":1}"
"69","6","重装推进","24","4180","79","6601.784","9.568","10","2987.892","7","1","325","40","3.5","{""tank"":6,""support"":1,""regenerator"":6,""splitter"":1,""berserker"":4,""stalker"":4,""sprinter"":1,""shield"":1}"
"69","7","联合攻势","26","3183","457","3640","8.64","12","2048","5","4","314","43","3.5","{""stalker"":12,""splitter"":4,""emp"":1,""sprinter"":3,""warder"":2,""shield"":3,""support"":1}"
"69","8","急行突袭","28","2551","88","2639","8.726","13","1392","1","1","273","46","3.5","{""runner"":6,""stalker"":9,""sprinter"":6,""grunt"":4,""shield"":1,""splitter"":1,""emp"":1}"
"69","9","护卫纵队","30","4338","460","6267.333","9.325","13","3492","9","5","395","49","3.5","{""stalker"":13,""emp"":1,""sprinter"":2,""support"":4,""tank"":4,""shield"":5,""splitter"":1}"
"69","10","密集围攻","32","4737","315","5264","9.466","14","2499","3","1","343","52","3.5","{""broodmother"":6,""sprinter"":2,""grunt"":6,""stalker"":5,""swarm"":5,""shield"":2,""splitter"":5,""warder"":1}"
"69","11","重装推进","34","7880","329","12323.345","9.472","15","5799.672","11","1","462","55","3.5","{""berserker"":8,""warder"":1,""tank"":8,""shield"":2,""regenerator"":7,""stalker"":5,""splitter"":2,""sprinter"":1}"
"69","12","决胜波次","36","5438","556","5994","8.176","18","3263","5","5","436","58","0","{""stalker"":16,""shield"":4,""splitter"":6,""emp"":2,""sprinter"":5,""warder"":1,""support"":2}"
"70","1","联合攻势","11","599","84","683","6","7","459","2","1","123","25","3.5","{""stalker"":5,""emp"":1,""sprinter"":3,""shield"":2}"
"70","2","急行突袭","13","685","50","735","6.864","7","411","1","0","122","28","3.5","{""stalker"":5,""sprinter"":3,""grunt"":2,""runner"":2,""shield"":1}"
"70","3","护卫纵队","16","1726","305","2959","9.248","8","1522","9","2","223","31","3.5","{""tank"":4,""warder"":1,""shield"":4,""stalker"":5,""support"":1,""splitter"":1}"
"70","4","密集围攻","19","1900","66","2038.667","7.843","10","1170.444","1","1","214","34","3.5","{""swarm"":4,""shield"":1,""splitter"":5,""stalker"":2,""broodmother"":3,""grunt"":2,""emp"":1,""sprinter"":1}"
"70","5","重装推进","22","3711","74","5705.887","8.979","10","2816.328","6","1","302","37","3.5","{""berserker"":6,""support"":1,""tank"":5,""splitter"":1,""regenerator"":4,""stalker"":3,""sprinter"":1,""shield"":1}"
"70","6","联合攻势","24","2778","336","3114","8.464","11","1720","4","1","276","40","3.5","{""splitter"":6,""stalker"":11,""sprinter"":3,""warder"":1,""shield"":3}"
"70","7","急行突袭","26","2306","83","2389","8.64","12","1175","1","1","255","43","3.5","{""grunt"":5,""stalker"":9,""runner"":4,""sprinter"":5,""shield"":1,""splitter"":1,""emp"":1}"
"70","8","护卫纵队","28","4102","836","6335.524","9.373","12","2917.762","13","4","368","46","3.5","{""shield"":7,""emp"":1,""stalker"":10,""sprinter"":2,""warder"":2,""tank"":4,""support"":1,""splitter"":1}"
"70","9","密集围攻","30","4554","299","5055","9.475","13","2322","3","1","340","49","3.5","{""splitter"":7,""sprinter"":2,""broodmother"":6,""stalker"":4,""grunt"":4,""shield"":2,""swarm"":4,""warder"":1}"
"70","10","重装推进","32","6917","315","10389.38","9.466","14","4802.044","9","1","426","52","3.5","{""regenerator"":8,""warder"":1,""berserker"":7,""shield"":2,""tank"":6,""stalker"":5,""splitter"":2,""sprinter"":1}"
"70","11","联合攻势","34","4934","606","5540","8.448","16","2685","6","4","422","55","3.5","{""shield"":6,""stalker"":15,""support"":2,""splitter"":6,""emp"":2,""sprinter"":3}"
"70","12","小首领 · 晶盾执旗官","32","4590","212","4802","7.291","18","3212","2","2","373","58","0","{""runner"":4,""support"":1,""sprinter"":5,""splitter"":2,""stalker"":11,""grunt"":6,""晶盾执旗官"":1,""shield"":2}"
"71","1","急行突袭","11","495","42","537","6","7","386","1","0","103","25","3.5","{""sprinter"":3,""stalker"":4,""grunt"":2,""shield"":1,""runner"":1}"
"71","2","护卫纵队","13","1032","376","1408","6.864","7","872","7","2","166","28","3.5","{""stalker"":5,""warder"":2,""shield"":5,""splitter"":1}"
"71","3","密集围攻","16","1277","58","1377.444","8.704","8","863.444","1","1","174","31","3.5","{""grunt"":4,""shield"":1,""swarm"":3,""stalker"":2,""splitter"":3,""broodmother"":2,""emp"":1}"
"71","4","重装推进","19","2793","0","4198.493","8.256","9","2034.121","4","1","255","34","3.5","{""regenerator"":5,""support"":1,""berserker"":4,""splitter"":1,""tank"":4,""stalker"":3,""sprinter"":1}"
"71","5","联合攻势","22","2423","408","2831","8.198","11","1636","5","4","270","37","3.5","{""stalker"":9,""splitter"":3,""emp"":1,""sprinter"":3,""warder"":2,""shield"":3,""support"":1}"
"71","6","急行突袭","24","1996","79","2075","8.464","11","1074","1","0","226","40","3.5","{""stalker"":9,""grunt"":4,""runner"":4,""sprinter"":5,""shield"":1,""splitter"":1}"
"71","7","护卫纵队","26","3602","415","5674.143","9.504","12","2540.857","10","4","353","43","3.5","{""tank"":5,""emp"":1,""shield"":5,""sprinter"":2,""stalker"":9,""support"":3,""splitter"":1}"
"71","8","密集围攻","28","3524","198","3850","9.373","12","1784","2","1","292","46","3.5","{""swarm"":6,""sprinter"":2,""splitter"":6,""stalker"":4,""broodmother"":4,""shield"":1,""grunt"":4,""warder"":1}"
"71","9","重装推进","30","6295","299","10187.106","9.776","13","4538.48","11","1","408","49","3.5","{""tank"":8,""warder"":1,""regenerator"":6,""shield"":2,""berserker"":6,""stalker"":5,""splitter"":1,""sprinter"":1}"
"71","10","联合攻势","32","4511","703","5214","8.63","15","2554","7","5","404","52","3.5","{""stalker"":13,""shield"":6,""splitter"":5,""emp"":2,""sprinter"":3,""warder"":1,""support"":2}"
"71","11","急行突袭","34","3606","101","3707","8.448","16","1899","1","1","329","55","3.5","{""grunt"":6,""support"":1,""runner"":6,""splitter"":2,""sprinter"":7,""stalker"":11,""shield"":1}"
"71","12","决胜波次","36","6610","1270","10398.857","8.76","17","5569.238","17","4","458","58","0","{""shield"":7,""splitter"":2,""stalker"":15,""warder"":4,""tank"":6,""sprinter"":2}"
"72","1","护卫纵队","11","704","221","925","6","7","608","5","2","145","25","3.5","{""stalker"":4,""warder"":1,""shield"":4,""support"":1,""splitter"":1}"
"72","2","密集围攻","13","815","200","1015","6.864","7","534","4","0","144","28","3.5","{""shield"":4,""grunt"":2,""stalker"":2,""swarm"":2,""splitter"":3}"
"72","3","重装推进","16","2084","0","3251","9.248","7","1517.75","4","1","219","31","3.5","{""tank"":4,""support"":1,""regenerator"":4,""splitter"":1,""berserker"":3,""stalker"":2,""sprinter"":1}"
"72","4","联合攻势","19","1799","281","2080","7.43","10","1129","4","2","223","34","3.5","{""shield"":3,""splitter"":3,""stalker"":8,""support"":1,""sprinter"":3,""warder"":1}"
"72","5","急行突袭","22","1745","74","1819","8.198","11","1013","1","0","207","37","3.5","{""sprinter"":5,""stalker"":8,""grunt"":4,""runner"":3,""shield"":1,""splitter"":1}"
"72","6","护卫纵队","24","3268","593","5114.905","9.2","11","2477.952","11","4","322","40","3.5","{""stalker"":9,""emp"":1,""tank"":4,""sprinter"":1,""shield"":5,""warder"":2,""support"":1,""splitter"":1}"
"72","7","密集围攻","26","3205","187","3513.778","9.331","12","1642.889","2","1","276","43","3.5","{""grunt"":5,""sprinter"":2,""swarm"":4,""stalker"":4,""splitter"":5,""shield"":1,""broodmother"":4,""warder"":1}"
"72","8","重装推进","28","5612","286","8670.822","9.696","12","4015.801","9","1","378","46","3.5","{""berserker"":7,""warder"":1,""tank"":6,""shield"":2,""regenerator"":6,""stalker"":4,""splitter"":1,""sprinter"":1}"
"72","9","联合攻势","30","3917","667","4584","8.723","14","2385","7","4","365","49","3.5","{""sprinter"":5,""shield"":6,""stalker"":11,""warder"":1,""splitter"":4,""support"":2,""emp"":1}"
"72","10","急行突袭","32","3329","97","3426","8.63","15","1719","1","1","314","52","3.5","{""stalker"":12,""support"":1,""grunt"":6,""splitter"":2,""runner"":5,""sprinter"":5,""shield"":1}"
"72","11","护卫纵队","34","5755","834","9000.143","9.216","15","4880.429","14","4","447","55","3.5","{""tank"":6,""splitter"":2,""shield"":7,""stalker"":13,""support"":3,""sprinter"":2,""warder"":1}"
"72","12","决胜波次","36","5662","212","6105.333","8.877","17","3189.222","2","1","391","58","0","{""swarm"":6,""stalker"":6,""splitter"":7,""broodmother"":6,""sprinter"":2,""grunt"":6,""shield"":2,""emp"":1}"
"73","1","密集围攻","11","605","126","731","6","7","554","3","0","125","25","3.5","{""splitter"":3,""shield"":3,""stalker"":2,""grunt"":2,""swarm"":1}"
"73","2","重装推进","13","1305","150","1635.305","6.864","7","893.152","3","1","175","28","3.5","{""berserker"":4,""support"":1,""shield"":3,""splitter"":1,""regenerator"":2,""stalker"":2}"
"73","3","联合攻势","16","1380","189","1569","8.16","8","788","3","1","184","31","3.5","{""stalker"":9,""splitter"":3,""shield"":2,""sprinter"":1,""warder"":1}"
"73","4","急行突袭","19","1279","66","1345","7.43","10","781","1","0","176","34","3.5","{""runner"":4,""stalker"":7,""sprinter"":5,""grunt"":2,""shield"":1}"
"73","5","护卫纵队","22","2725","296","4203.095","8.979","10","2071.048","8","4","304","37","3.5","{""stalker"":8,""emp"":1,""sprinter"":1,""support"":3,""tank"":4,""shield"":4,""splitter"":1}"
"73","6","密集围攻","24","2787","79","2981.111","9.2","11","1522.556","1","0","252","40","3.5","{""broodmother"":4,""sprinter"":2,""grunt"":4,""stalker"":4,""swarm"":4,""shield"":1,""splitter"":5}"
"73","7","重装推进","26","4854","270","7372.655","9.504","11","3413.042","8","1","347","43","3.5","{""regenerator"":6,""warder"":1,""berserker"":6,""shield"":2,""tank"":5,""stalker"":4,""splitter"":1,""sprinter"":1}"
"73","8","联合攻势","28","3360","352","3712","8.726","13","1846","4","3","329","46","3.5","{""stalker"":13,""shield"":4,""sprinter"":5,""splitter"":3,""emp"":2,""support"":1}"
"73","9","急行突袭","30","3044","92","3136","8.723","14","1544","1","1","295","49","3.5","{""sprinter"":7,""support"":1,""stalker"":11,""splitter"":2,""grunt"":4,""runner"":4,""shield"":1}"
"73","10","护卫纵队","32","5416","945","8664.429","9.466","14","4139.714","15","3","408","52","3.5","{""stalker"":13,""splitter"":2,""tank"":6,""shield"":6,""warder"":3,""sprinter"":2}"
"73","11","密集围攻","34","4945","101","5231","8.96","15","2906","1","1","362","55","3.5","{""grunt"":6,""stalker"":6,""swarm"":6,""splitter"":7,""sprinter"":2,""broodmother"":5,""shield"":1,""emp"":1}"
"73","12","决胜波次","36","8461","212","13030.793","9.11","16","6118.397","10","2","492","58","0","{""tank"":8,""emp"":1,""regenerator"":8,""sprinter"":2,""berserker"":8,""stalker"":5,""shield"":2,""support"":1,""splitter"":1}"
"74","1","重装推进","11","892","84","1099.494","6","7","765.744","2","1","145","25","3.5","{""regenerator"":3,""support"":1,""berserker"":2,""splitter"":1,""shield"":2,""stalker"":2}"
"74","2","联合攻势","13","931","163","1094","6.864","7","696","3","2","155","28","3.5","{""sprinter"":3,""splitter"":2,""stalker"":4,""warder"":1,""shield"":2,""support"":1}"
"74","3","急行突袭","16","915","58","973","8.16","8","594","1","0","147","31","3.5","{""grunt"":4,""stalker"":5,""runner"":3,""sprinter"":3,""shield"":1}"
"74","4","护卫纵队","19","2105","496","3128.524","7.843","10","1942.524","9","4","258","34","3.5","{""shield"":5,""emp"":1,""stalker"":6,""sprinter"":1,""warder"":2,""tank"":2,""support"":1,""splitter"":1}"
"74","5","密集围攻","22","2531","74","2713.444","8.979","10","1323.222","1","0","239","37","3.5","{""splitter"":5,""sprinter"":1,""broodmother"":4,""stalker"":4,""grunt"":4,""shield"":1,""swarm"":3}"
"74","6","重装推进","24","4259","178","6779.784","9.568","10","3192.892","8","1","322","40","3.5","{""tank"":6,""warder"":1,""regenerator"":6,""shield"":1,""berserker"":4,""stalker"":4,""splitter"":1,""sprinter"":1}"
"74","7","联合攻势","26","3107","436","3543","8.64","12","1792","5","5","328","43","3.5","{""stalker"":11,""shield"":4,""emp"":2,""sprinter"":3,""splitter"":3,""warder"":1,""support"":2}"
"74","8","急行突袭","28","2562","88","2650","8.726","13","1329","1","1","275","46","3.5","{""runner"":6,""support"":1,""sprinter"":6,""splitter"":2,""stalker"":8,""grunt"":4,""shield"":1}"
"74","9","护卫纵队","30","4468","575","6512.333","9.325","13","3625","10","4","387","49","3.5","{""stalker"":14,""splitter"":2,""support"":3,""tank"":4,""shield"":5,""sprinter"":1,""warder"":1}"
"74","10","密集围攻","32","4658","97","4967","9.466","14","2472","1","1","344","52","3.5","{""broodmother"":6,""stalker"":6,""grunt"":6,""swarm"":5,""sprinter"":2,""splitter"":5,""shield"":1,""emp"":1}"
"74","11","重装推进","34","7736","202","12052.345","9.472","15","5570.672","10","2","470","55","3.5","{""berserker"":8,""emp"":1,""tank"":8,""sprinter"":2,""regenerator"":7,""stalker"":4,""shield"":2,""support"":1,""splitter"":1}"
"74","12","决胜波次","36","5468","688","6156","8.176","18","3458","6","4","420","58","0","{""stalker"":16,""sprinter"":6,""splitter"":6,""shield"":4,""emp"":1,""warder"":2,""support"":1}"
"75","1","联合攻势","11","595","42","637","6","7","409","1","0","112","25","3.5","{""stalker"":6,""splitter"":1,""sprinter"":3,""shield"":1}"
"75","2","急行突袭","13","676","0","676","6.864","7","367","0","0","118","28","3.5","{""stalker"":6,""grunt"":2,""runner"":2,""sprinter"":3}"
"75","3","护卫纵队","16","1642","232","2802","9.248","8","1325","8","3","231","31","3.5","{""tank"":4,""emp"":1,""shield"":4,""sprinter"":1,""stalker"":4,""support"":2}"
"75","4","密集围攻","19","1873","66","2011.667","7.843","10","1164.444","1","0","203","34","3.5","{""swarm"":4,""sprinter"":1,""splitter"":5,""stalker"":3,""broodmother"":3,""shield"":1,""grunt"":2}"
"75","5","重装推进","22","3786","167","5873.887","8.979","10","2877.328","7","1","299","37","3.5","{""berserker"":6,""warder"":1,""tank"":5,""shield"":1,""regenerator"":4,""stalker"":3,""splitter"":1,""sprinter"":1}"
"75","6","联合攻势","24","2704","316","3020","8.464","11","1508","4","1","281","40","3.5","{""splitter"":5,""shield"":4,""stalker"":11,""sprinter"":3,""emp"":1}"
"75","7","急行突袭","26","2317","83","2400","8.64","12","1175","1","1","257","43","3.5","{""grunt"":5,""support"":1,""runner"":4,""splitter"":2,""sprinter"":5,""stalker"":8,""shield"":1}"
"75","8","护卫纵队","28","4225","946","6568.524","9.373","12","3115.762","14","3","360","46","3.5","{""shield"":7,""splitter"":2,""stalker"":11,""warder"":3,""tank"":4,""sprinter"":1}"
"75","9","密集围攻","30","4478","92","4772","9.475","13","2114","1","1","341","49","3.5","{""splitter"":7,""stalker"":5,""broodmother"":6,""grunt"":4,""sprinter"":2,""swarm"":4,""shield"":1,""emp"":1}"
"75","10","重装推进","32","6780","194","10131.38","9.466","14","4862.741","8","2","434","52","3.5","{""regenerator"":8,""emp"":1,""berserker"":7,""sprinter"":2,""tank"":6,""stalker"":4,""shield"":2,""support"":1,""splitter"":1}"
"75","11","联合攻势","34","4912","733","5645","8.448","16","2831","7","3","402","55","3.5","{""shield"":6,""sprinter"":4,""stalker"":16,""support"":1,""splitter"":5,""warder"":1,""emp"":1}"
"75","12","小首领 · 电磁监察官","32","4716","450","5166","7.291","18","3397","4","2","374","58","0","{""runner"":4,""warder"":1,""sprinter"":5,""shield"":3,""stalker"":10,""grunt"":6,""splitter"":2,""电磁监察官"":1}"
"76","1","急行突袭","11","487","0","487","6","7","336","0","0","99","25","3.5","{""sprinter"":3,""stalker"":5,""grunt"":2,""runner"":1}"
"76","2","护卫纵队","13","959","313","1272","6.864","7","813","6","2","165","28","3.5","{""stalker"":5,""emp"":1,""shield"":5,""sprinter"":1,""warder"":1}"
"76","3","密集围攻","16","1235","58","1335.444","8.704","8","902.444","1","0","161","31","3.5","{""grunt"":4,""sprinter"":1,""swarm"":3,""stalker"":2,""splitter"":3,""shield"":1,""broodmother"":2}"
"76","4","重装推进","19","2894","149","4448.493","8.256","9","2230.121","6","1","258","34","3.5","{""regenerator"":5,""warder"":1,""berserker"":4,""shield"":1,""tank"":4,""stalker"":3,""splitter"":1}"
"76","5","联合攻势","22","2376","315","2691","8.198","11","1384","4","4","275","37","3.5","{""stalker"":9,""shield"":3,""splitter"":3,""emp"":2,""sprinter"":3,""warder"":1,""support"":1}"
"76","6","急行突袭","24","1998","79","2077","8.464","11","1010","1","1","235","40","3.5","{""stalker"":8,""support"":1,""grunt"":4,""splitter"":1,""runner"":4,""sprinter"":5,""shield"":1}"
"76","7","护卫纵队","26","3720","519","5896.143","9.504","12","2765.857","11","3","345","43","3.5","{""tank"":5,""splitter"":2,""shield"":5,""stalker"":10,""support"":2,""sprinter"":1,""warder"":1}"
"76","8","密集围攻","28","3496","88","3712","9.373","12","1759","1","1","299","46","3.5","{""swarm"":6,""stalker"":5,""splitter"":6,""broodmother"":4,""sprinter"":1,""grunt"":4,""shield"":1,""emp"":1}"
"76","9","重装推进","30","6193","92","9878.106","9.776","13","4331.293","9","2","416","49","3.5","{""tank"":8,""emp"":1,""regenerator"":6,""sprinter"":2,""berserker"":6,""stalker"":4,""shield"":1,""support"":1,""splitter"":1}"
"76","10","联合攻势","32","4490","824","5314","8.63","15","2693","8","4","384","52","3.5","{""stalker"":14,""sprinter"":4,""shield"":6,""splitter"":4,""emp"":1,""warder"":2,""support"":1}"
"76","11","急行突袭","34","3727","329","4056","8.448","16","2059","3","1","330","55","3.5","{""grunt"":6,""warder"":1,""runner"":6,""shield"":2,""sprinter"":7,""stalker"":10,""splitter"":2}"
"76","12","决胜波次","36","6600","1244","10362.857","8.76","17","5318.238","17","5","478","58","0","{""shield"":8,""stalker"":14,""warder"":3,""splitter"":2,""tank"":6,""emp"":1,""sprinter"":1,""support"":1}"
"77","1","护卫纵队","11","643","168","811","6","7","574","4","2","144","25","3.5","{""stalker"":4,""emp"":1,""sprinter"":1,""support"":1,""shield"":4}"
"77","2","密集围攻","13","774","200","974","6.864","7","532","4","0","138","28","3.5","{""shield"":4,""sprinter"":1,""grunt"":2,""stalker"":2,""swarm"":2,""splitter"":2}"
"77","3","重装推进","16","2172","131","3470","9.248","7","1682.5","6","1","222","31","3.5","{""tank"":4,""warder"":1,""regenerator"":4,""shield"":1,""berserker"":3,""stalker"":2,""splitter"":1}"
"77","4","联合攻势","19","1757","198","1955","7.43","10","1208","3","2","228","34","3.5","{""shield"":3,""stalker"":8,""support"":1,""splitter"":3,""emp"":1,""sprinter"":3}"
"77","5","急行突袭","22","1747","74","1821","8.198","11","952","1","1","216","37","3.5","{""sprinter"":5,""support"":1,""stalker"":7,""splitter"":1,""grunt"":4,""runner"":3,""shield"":1}"
"77","6","护卫纵队","24","3354","692","5299.905","9.2","11","2590.952","12","3","312","40","3.5","{""stalker"":9,""splitter"":2,""tank"":4,""shield"":5,""warder"":3,""sprinter"":1}"
"77","7","密集围攻","26","3178","83","3382.778","9.331","12","1671.889","1","1","283","43","3.5","{""grunt"":5,""stalker"":5,""swarm"":4,""splitter"":5,""sprinter"":1,""broodmother"":4,""shield"":1,""emp"":1}"
"77","8","重装推进","28","5516","88","8376.822","9.696","12","3817.801","7","2","386","46","3.5","{""berserker"":7,""emp"":1,""tank"":6,""sprinter"":2,""regenerator"":6,""stalker"":3,""shield"":1,""support"":1,""splitter"":1}"
"77","9","联合攻势","30","3897","782","4679","8.723","14","2376","8","3","345","49","3.5","{""sprinter"":6,""stalker"":12,""warder"":2,""shield"":6,""support"":1,""splitter"":3}"
"77","10","急行突袭","32","3444","315","3759","8.63","15","1970","3","1","315","52","3.5","{""stalker"":11,""warder"":1,""grunt"":6,""shield"":2,""runner"":5,""sprinter"":5,""splitter"":2}"
"77","11","护卫纵队","34","5745","808","8964.143","9.216","15","4689.429","14","5","467","55","3.5","{""tank"":6,""shield"":8,""stalker"":12,""splitter"":2,""support"":4,""emp"":1,""sprinter"":1}"
"77","12","决胜波次","36","5655","106","5992.333","8.877","17","3222.222","1","1","389","58","0","{""swarm"":6,""support"":1,""splitter"":8,""broodmother"":6,""stalker"":6,""grunt"":6,""sprinter"":2,""shield"":1}"
"78","1","密集围攻","11","571","126","697","6","7","520","3","0","119","25","3.5","{""splitter"":2,""sprinter"":1,""shield"":3,""stalker"":2,""grunt"":2,""swarm"":1}"
"78","2","重装推进","13","1365","263","1808.305","6.864","7","1041.152","5","1","176","28","3.5","{""berserker"":4,""warder"":1,""shield"":4,""regenerator"":2,""stalker"":1,""splitter"":1}"
"78","3","联合攻势","16","1372","174","1546","8.16","8","849","3","1","195","31","3.5","{""stalker"":9,""shield"":3,""splitter"":3,""emp"":1}"
"78","4","急行突袭","19","1301","0","1301","7.43","10","774","0","1","185","34","3.5","{""runner"":4,""support"":1,""sprinter"":5,""splitter"":1,""stalker"":6,""grunt"":2}"
"78","5","护卫纵队","22","2770","389","4341.095","8.979","10","2151.048","9","3","290","37","3.5","{""stalker"":9,""splitter"":1,""support"":2,""tank"":4,""shield"":4,""sprinter"":1,""warder"":1}"
"78","6","密集围攻","24","2812","79","3006.111","9.2","11","1458.556","1","0","254","40","3.5","{""broodmother"":4,""stalker"":5,""grunt"":4,""swarm"":4,""sprinter"":1,""splitter"":5,""shield"":1}"
"78","7","重装推进","26","4762","83","7093.655","9.504","11","3473.042","6","2","355","43","3.5","{""regenerator"":6,""emp"":1,""berserker"":6,""sprinter"":2,""tank"":5,""stalker"":3,""shield"":1,""support"":1,""splitter"":1}"
"78","8","联合攻势","28","3368","374","3742","8.726","13","1942","4","2","309","46","3.5","{""stalker"":14,""sprinter"":6,""shield"":3,""splitter"":3,""emp"":1,""warder"":1}"
"78","9","急行突袭","30","3109","299","3408","8.723","14","1726","3","1","292","49","3.5","{""sprinter"":7,""warder"":1,""stalker"":11,""shield"":2,""grunt"":4,""runner"":4,""splitter"":1}"
"78","10","护卫纵队","32","5406","921","8630.429","9.466","14","3970.714","15","4","428","52","3.5","{""stalker"":12,""shield"":7,""tank"":6,""splitter"":2,""warder"":2,""emp"":1,""sprinter"":1,""support"":1}"
"78","11","密集围攻","34","4990","101","5276","8.96","15","2823","1","1","366","55","3.5","{""grunt"":6,""support"":1,""swarm"":6,""splitter"":8,""stalker"":6,""broodmother"":5,""sprinter"":1,""shield"":1}"
"78","12","决胜波次","36","8557","238","13152.793","9.11","16","6270.397","10","1","478","58","0","{""tank"":8,""splitter"":2,""regenerator"":8,""stalker"":6,""berserker"":8,""sprinter"":2,""warder"":1,""shield"":1}"
"79","1","重装推进","11","942","179","1244.494","6","7","889.744","4","1","146","25","3.5","{""regenerator"":3,""warder"":1,""berserker"":2,""shield"":3,""stalker"":1,""splitter"":1}"
"79","2","联合攻势","13","956","213","1169","6.864","7","721","4","2","161","28","3.5","{""sprinter"":2,""shield"":3,""stalker"":4,""warder"":1,""splitter"":2,""support"":1}"
"79","3","急行突袭","16","935","0","935","8.16","8","561","0","1","156","31","3.5","{""grunt"":4,""support"":1,""runner"":3,""splitter"":1,""sprinter"":3,""stalker"":4}"
"79","4","护卫纵队","19","2145","579","3251.524","7.843","10","2038.524","10","3","244","34","3.5","{""shield"":5,""splitter"":1,""stalker"":7,""warder"":3,""tank"":2,""sprinter"":1}"
"79","5","密集围攻","22","2531","74","2713.444","8.979","10","1411.222","1","0","239","37","3.5","{""splitter"":5,""stalker"":4,""broodmother"":4,""grunt"":4,""sprinter"":1,""swarm"":3,""shield"":1}"
"79","6","重装推进","24","4212","79","6633.784","9.568","10","3053.892","7","2","336","40","3.5","{""tank"":6,""emp"":1,""regenerator"":6,""sprinter"":1,""berserker"":4,""stalker"":3,""shield"":1,""support"":1,""splitter"":1}"
"79","7","联合攻势","26","3115","457","3572","8.64","12","1857","5","4","308","43","3.5","{""stalker"":12,""sprinter"":4,""emp"":1,""shield"":3,""warder"":2,""splitter"":3,""support"":1}"
"79","8","急行突袭","28","2623","286","2909","8.726","13","1557","3","1","272","46","3.5","{""runner"":6,""warder"":1,""sprinter"":6,""shield"":2,""stalker"":8,""grunt"":4,""splitter"":1}"
"79","9","护卫纵队","30","4431","552","6452.333","9.325","13","3388","10","5","405","49","3.5","{""stalker"":12,""shield"":6,""support"":4,""tank"":4,""splitter"":2,""emp"":1,""sprinter"":1}"
"79","10","密集围攻","32","4701","97","5010","9.466","14","2393","1","1","348","52","3.5","{""broodmother"":6,""support"":1,""grunt"":6,""splitter"":6,""swarm"":5,""stalker"":6,""sprinter"":1,""shield"":1}"
"79","11","重装推进","34","7829","228","12171.345","9.472","15","5767.672","10","1","456","55","3.5","{""berserker"":8,""splitter"":2,""tank"":8,""stalker"":5,""regenerator"":7,""sprinter"":2,""warder"":1,""shield"":1}"
"79","12","决胜波次","36","5349","556","5905","8.176","18","3303","5","4","421","58","0","{""stalker"":17,""splitter"":5,""sprinter"":6,""emp"":2,""shield"":4,""warder"":1,""support"":1}"
"80","1","联合攻势","11","616","84","700","6","7","443","2","0","118","25","3.5","{""stalker"":6,""shield"":2,""sprinter"":2,""splitter"":1}"
"80","2","急行突袭","13","718","0","718","6.864","7","393","0","1","133","28","3.5","{""stalker"":5,""support"":1,""grunt"":2,""splitter"":1,""runner"":2,""sprinter"":2}"
"80","3","护卫纵队","16","1697","247","2872","9.248","8","1368","8","2","217","31","3.5","{""tank"":4,""splitter"":1,""shield"":3,""stalker"":5,""support"":1,""sprinter"":1,""warder"":1}"
"80","4","密集围攻","19","1840","66","1978.667","7.843","10","1064.444","1","0","199","34","3.5","{""swarm"":4,""stalker"":4,""splitter"":4,""broodmother"":3,""sprinter"":1,""grunt"":2,""shield"":1}"
"80","5","重装推进","22","3741","74","5735.887","8.979","10","2842.328","6","2","313","37","3.5","{""berserker"":6,""emp"":1,""tank"":5,""sprinter"":1,""regenerator"":4,""stalker"":2,""shield"":1,""support"":1,""splitter"":1}"
"80","6","联合攻势","24","2633","237","2870","8.464","11","1422","3","0","264","40","3.5","{""splitter"":5,""sprinter"":4,""stalker"":12,""shield"":3}"
"80","7","急行突袭","26","2375","270","2645","8.64","12","1366","3","1","254","43","3.5","{""grunt"":5,""warder"":1,""runner"":4,""shield"":2,""sprinter"":5,""stalker"":8,""splitter"":1}"
"80","8","护卫纵队","28","4146","924","6467.524","9.373","12","2914.762","14","4","374","46","3.5","{""shield"":8,""stalker"":10,""warder"":2,""splitter"":1,""tank"":4,""emp"":1,""sprinter"":1,""support"":1}"
"80","9","密集围攻","30","4518","92","4812","9.475","13","2186","1","1","345","49","3.5","{""splitter"":8,""support"":1,""broodmother"":6,""grunt"":4,""stalker"":5,""swarm"":4,""sprinter"":1,""shield"":1}"
"80","10","章节首领","33","7898","436","12122.057","11.266","14","6102.514","9","1","515","52","0","{""regenerator"":8,""splitter"":2,""berserker"":7,""stalker"":5,""tank"":6,""sprinter"":2,""warder"":1,""虚空大魔导师"":1,""shield"":1}"
"81","1","急行突袭","11","627","97","750.561","6.72","6","500.561","2","1","115","25","3.5","{""sprinter"":2,""warder"":1,""stalker"":3,""berserker"":1,""grunt"":2,""shield"":1,""runner"":1}"
"81","2","护卫纵队","14","1102","319","1452.61","8.328","7","891","6","1","168","28","3.5","{""stalker"":6,""berserker"":1,""shield"":5,""warder"":1,""sprinter"":1}"
"81","3","密集围攻","17","1594","0","1990.667","10.967","7","1339.111","1","1","176","31","3.5","{""grunt"":5,""broodmother"":3,""swarm"":3,""stalker"":3,""splitter"":1,""siege"":1,""sprinter"":1}"
"81","4","重装推进","20","3422","0","5561.046","10.171","9","2904.535","6","3","289","34","3.5","{""tank"":4,""emp"":1,""regenerator"":4,""stalker"":4,""berserker"":4,""sprinter"":1,""siege"":2}"
"81","5","联合攻势","23","3646","188","4874.499","10.494","10","2886.537","4","6","304","37","3.5","{""stalker"":9,""support"":2,""sprinter"":3,""siege"":2,""warder"":2,""berserker"":3,""broodmother"":2}"
"81","6","急行突袭","25","2688","0","3215.282","10.304","10","2039.282","1","1","251","40","3.5","{""stalker"":9,""sprinter"":5,""grunt"":4,""runner"":4,""siege"":1,""berserker"":1,""broodmother"":1}"
"81","7","护卫纵队","27","4624","336","7965.167","11.419","10","3156.405","12","4","374","43","3.5","{""tank"":6,""siege"":2,""shield"":4,""stalker"":10,""support"":2,""berserker"":1,""sprinter"":1,""grunt"":1}"
"81","8","密集围攻","29","4363","0","5078.325","11.222","11","2748.659","1","2","329","46","3.5","{""swarm"":5,""stalker"":6,""splitter"":5,""broodmother"":5,""berserker"":1,""grunt"":4,""emp"":1,""siege"":1,""sprinter"":1}"
"81","9","重装推进","31","6626","232","9613.966","11.118","11","3999.703","7","4","416","49","3.5","{""regenerator"":6,""warder"":2,""berserker"":7,""stalker"":8,""broodmother"":1,""tank"":4,""support"":1,""siege"":1,""sprinter"":1}"
"81","10","联合攻势","33","6629","0","7753.528","10.913","13","3246.287","1","2","403","52","3.5","{""stalker"":16,""berserker"":6,""broodmother"":6,""emp"":1,""sprinter"":3,""siege"":1}"
"81","11","急行突袭","35","5129","0","6416.444","10.322","14","3970.222","2","2","359","55","3.5","{""grunt"":6,""broodmother"":2,""runner"":5,""stalker"":11,""sprinter"":8,""siege"":2,""berserker"":1}"
"81","12","决胜波次","37","7502","1148","11898.457","10.465","15","5764.6","17","6","499","58","0","{""shield"":7,""emp"":2,""stalker"":14,""warder"":3,""sprinter"":2,""tank"":6,""siege"":1,""berserker"":1,""broodmother"":1}"
"82","1","护卫纵队","11","715","172","913.561","6.72","6","542","4","1","139","25","3.5","{""stalker"":5,""berserker"":1,""shield"":4,""support"":1}"
"82","2","密集围攻","14","866","255","1121","8.328","7","576","5","0","152","28","3.5","{""shield"":5,""grunt"":2,""stalker"":2,""swarm"":2,""splitter"":2,""sprinter"":1}"
"82","3","重装推进","17","1893","0","2736.664","10.662","7","1279.14","3","1","212","31","3.5","{""stalker"":8,""emp"":1,""tank"":3,""regenerator"":2,""sprinter"":1,""berserker"":2}"
"82","4","联合攻势","20","2292","84","2490.821","9.247","9","1222.932","1","3","239","34","3.5","{""broodmother"":3,""support"":1,""stalker"":10,""sprinter"":3,""emp"":1,""warder"":1,""berserker"":1}"
"82","5","急行突袭","23","2069","0","2142.981","9.838","10","1115.981","0","0","218","37","3.5","{""sprinter"":5,""stalker"":9,""grunt"":4,""runner"":3,""berserker"":1,""broodmother"":1}"
"82","6","护卫纵队","25","3940","520","6252.234","11.128","10","2990.476","11","3","327","40","3.5","{""stalker"":11,""siege"":1,""tank"":4,""shield"":4,""warder"":2,""berserker"":1,""broodmother"":1,""sprinter"":1}"
"82","7","密集围攻","27","3507","0","3712.358","11.032","10","1786.024","0","1","292","43","3.5","{""grunt"":6,""stalker"":5,""swarm"":4,""splitter"":4,""berserker"":1,""broodmother"":5,""emp"":1,""sprinter"":1}"
"82","8","重装推进","29","6517","222","10460.142","11.764","11","4265.595","10","5","418","46","3.5","{""tank"":6,""warder"":2,""regenerator"":5,""berserker"":6,""broodmother"":1,""siege"":2,""stalker"":5,""support"":1,""sprinter"":1}"
"82","9","联合攻势","31","5728","232","6907.561","10.949","12","3064.024","3","4","379","49","3.5","{""stalker"":15,""berserker"":5,""broodmother"":4,""warder"":2,""sprinter"":3,""support"":1,""siege"":1}"
"82","10","急行突袭","33","4240","0","4920.477","10.446","13","2746.921","1","1","330","52","3.5","{""stalker"":12,""broodmother"":2,""grunt"":6,""runner"":6,""sprinter"":5,""siege"":1,""berserker"":1}"
"82","11","护卫纵队","35","6147","612","9295.222","10.752","13","4181.222","12","5","470","55","3.5","{""tank"":6,""emp"":2,""shield"":6,""stalker"":14,""sprinter"":2,""support"":3,""berserker"":1,""broodmother"":1}"
"82","12","决胜波次","37","6097","133","6568.076","10.334","15","3204.409","1","3","406","58","0","{""swarm"":7,""support"":2,""splitter"":6,""sprinter"":2,""broodmother"":7,""stalker"":5,""grunt"":6,""warder"":1,""berserker"":1}"
"83","1","密集围攻","11","582","129","711","6.72","6","533","3","0","119","25","3.5","{""splitter"":2,""shield"":3,""stalker"":2,""grunt"":2,""swarm"":1,""sprinter"":1}"
"83","2","重装推进","14","1320","255","1727.329","8.328","7","898.11","5","1","185","28","3.5","{""berserker"":3,""emp"":1,""shield"":5,""stalker"":2,""sprinter"":1,""regenerator"":2}"
"83","3","联合攻势","17","1828","74","2054.428","10.358","7","973.989","1","3","210","31","3.5","{""berserker"":3,""support"":2,""broodmother"":2,""sprinter"":3,""stalker"":6,""warder"":1}"
"83","4","急行突袭","20","1604","0","1669.932","9.016","9","906.932","0","0","191","34","3.5","{""runner"":4,""sprinter"":5,""stalker"":7,""grunt"":2,""berserker"":1,""broodmother"":1}"
"83","5","护卫纵队","23","3352","225","5267.124","10.931","9","2470.571","8","3","309","37","3.5","{""stalker"":10,""siege"":1,""support"":2,""tank"":4,""shield"":3,""berserker"":1,""broodmother"":1,""sprinter"":1}"
"83","6","密集围攻","25","3361","0","3584.837","10.922","10","1660.504","0","1","281","40","3.5","{""broodmother"":6,""stalker"":4,""grunt"":4,""swarm"":4,""berserker"":1,""splitter"":4,""emp"":1,""sprinter"":1}"
"83","7","重装推进","27","4779","210","6806.551","11.032","10","2925.096","6","3","350","43","3.5","{""stalker"":9,""warder"":2,""tank"":4,""berserker"":5,""regenerator"":4,""broodmother"":1,""support"":1,""sprinter"":1}"
"83","8","联合攻势","29","4551","0","4898.967","10.679","12","2246.317","0","1","331","46","3.5","{""stalker"":17,""berserker"":4,""broodmother"":4,""sprinter"":3,""emp"":1}"
"83","9","急行突袭","31","3941","0","4590.512","10.612","12","2281.512","1","1","310","49","3.5","{""sprinter"":7,""broodmother"":2,""stalker"":11,""grunt"":5,""runner"":4,""siege"":1,""berserker"":1}"
"83","10","护卫纵队","33","5811","832","9067.207","11.069","12","3548.017","14","4","435","52","3.5","{""stalker"":13,""emp"":2,""tank"":6,""shield"":6,""sprinter"":2,""warder"":2,""berserker"":1,""broodmother"":1}"
"83","11","密集围攻","35","5466","128","5880.333","10.609","13","2933.889","1","3","386","55","3.5","{""grunt"":6,""support"":2,""swarm"":6,""sprinter"":2,""splitter"":6,""stalker"":5,""broodmother"":6,""warder"":1,""berserker"":1}"
"83","12","决胜波次","37","9593","0","15220.531","10.727","14","6734.208","10","3","502","58","0","{""tank"":7,""sprinter"":2,""regenerator"":6,""stalker"":11,""berserker"":7,""siege"":3,""broodmother"":1}"
"84","1","重装推进","11","865","172","1138.622","6.72","6","667.622","4","1","147","25","3.5","{""regenerator"":2,""emp"":1,""berserker"":2,""stalker"":1,""shield"":4,""sprinter"":1}"
"84","2","联合攻势","14","1182","217","1462.22","8.328","7","874.22","4","3","184","28","3.5","{""stalker"":5,""support"":1,""berserker"":2,""sprinter"":1,""shield"":3,""emp"":1,""warder"":1}"
"84","3","急行突袭","17","1196","0","1253.995","9.748","7","692.995","0","0","162","31","3.5","{""grunt"":4,""sprinter"":3,""runner"":3,""stalker"":5,""berserker"":1,""broodmother"":1}"
"84","4","护卫纵队","20","2683","436","4095.98","9.709","9","2064.524","9","3","265","34","3.5","{""shield"":4,""siege"":1,""stalker"":9,""warder"":2,""tank"":2,""berserker"":1,""broodmother"":1}"
"84","5","密集围攻","23","2893","0","3076.759","10.713","9","1454.87","0","1","261","37","3.5","{""splitter"":4,""stalker"":4,""broodmother"":5,""grunt"":4,""berserker"":1,""swarm"":3,""emp"":1,""sprinter"":1}"
"84","6","重装推进","25","5035","100","7801.088","11.334","10","3491.099","7","4","356","40","3.5","{""berserker"":6,""warder"":1,""stalker"":5,""siege"":2,""tank"":4,""broodmother"":1,""regenerator"":4,""support"":1,""sprinter"":1}"
"84","7","联合攻势","27","4312","105","5191.098","10.838","10","2511.691","2","3","320","43","3.5","{""sprinter"":5,""berserker"":4,""stalker"":12,""broodmother"":3,""siege"":1,""warder"":1,""support"":1}"
"84","8","急行突袭","29","3458","0","4076.325","10.679","12","2124.659","1","1","292","46","3.5","{""runner"":6,""broodmother"":2,""sprinter"":6,""stalker"":9,""grunt"":4,""siege"":1,""berserker"":1}"
"84","9","护卫纵队","31","4964","372","7277.988","10.949","12","3052.703","9","5","417","49","3.5","{""stalker"":14,""emp"":2,""support"":3,""tank"":5,""sprinter"":1,""shield"":4,""berserker"":1,""broodmother"":1}"
"84","10","密集围攻","33","5064","122","5495.255","11.069","12","2449.033","1","3","363","52","3.5","{""broodmother"":7,""support"":2,""grunt"":6,""sprinter"":2,""swarm"":6,""stalker"":4,""splitter"":4,""warder"":1,""berserker"":1}"
"84","11","重装推进","35","7281","0","10477.222","10.752","13","4633.222","6","0","429","55","3.5","{""stalker"":14,""sprinter"":2,""tank"":6,""regenerator"":6,""berserker"":6,""broodmother"":1}"
"84","12","决胜波次","37","7711","0","9368.859","10.334","15","4185.374","2","4","451","58","0","{""broodmother"":5,""siege"":2,""stalker"":19,""emp"":2,""sprinter"":5,""berserker"":4}"
"85","1","联合攻势","11","796","140","989.122","6.72","6","720.122","3","2","139","25","3.5","{""stalker"":4,""support"":1,""sprinter"":1,""warder"":1,""berserker"":2,""shield"":2}"
"85","2","急行突袭","14","839","51","921.61","8.328","7","505.61","1","0","136","28","3.5","{""stalker"":5,""sprinter"":3,""grunt"":2,""shield"":1,""runner"":2,""berserker"":1}"
"85","3","护卫纵队","17","2186","177","3692.042","11.576","7","1847.524","8","2","242","31","3.5","{""tank"":4,""siege"":1,""shield"":3,""stalker"":6,""support"":1,""berserker"":1,""broodmother"":1}"
"85","4","密集围攻","20","2195","0","2334.266","9.709","9","1345.821","0","1","225","34","3.5","{""swarm"":4,""stalker"":3,""splitter"":4,""broodmother"":4,""berserker"":1,""grunt"":2,""emp"":1,""sprinter"":1}"
"85","5","重装推进","23","3676","94","5093.985","10.494","10","2375.626","4","2","297","37","3.5","{""regenerator"":4,""warder"":1,""berserker"":5,""stalker"":7,""broodmother"":1,""tank"":3,""support"":1,""sprinter"":1}"
"85","6","联合攻势","25","3410","0","3644.846","10.51","10","1733.564","0","1","282","40","3.5","{""stalker"":15,""berserker"":3,""sprinter"":3,""broodmother"":3,""emp"":1}"
"85","7","急行突袭","27","3129","0","3716.358","10.644","11","1891.024","1","1","272","43","3.5","{""grunt"":6,""broodmother"":2,""runner"":4,""stalker"":8,""sprinter"":5,""siege"":1,""berserker"":1}"
"85","8","护卫纵队","29","4559","756","6810.563","11.041","11","2988.278","12","4","383","46","3.5","{""shield"":6,""emp"":2,""stalker"":12,""warder"":2,""sprinter"":1,""tank"":4,""berserker"":1,""broodmother"":1}"
"85","9","密集围攻","31","4916","116","5327.512","11.286","12","2305.512","1","3","363","49","3.5","{""splitter"":6,""support"":2,""broodmother"":7,""sprinter"":2,""grunt"":5,""stalker"":3,""swarm"":4,""warder"":1,""berserker"":1}"
"85","10","重装推进","33","7934","0","12587.402","11.381","12","4731.748","9","3","451","52","3.5","{""berserker"":7,""sprinter"":2,""stalker"":10,""siege"":3,""tank"":6,""regenerator"":4,""broodmother"":1}"
"85","11","联合攻势","35","7951","128","10368.111","10.895","13","4883.444","4","6","459","55","3.5","{""berserker"":6,""siege"":3,""broodmother"":5,""stalker"":15,""support"":2,""sprinter"":3,""warder"":1}"
"85","12","小首领 · 重甲队长","33","5390","133","7168.865","8.599","16","4868.123","2","1","393","58","0","{""runner"":5,""stalker"":10,""sprinter"":5,""berserker"":3,""grunt"":6,""broodmother"":2,""重甲队长"":1,""warder"":1}"
"86","1","急行突袭","11","504","43","547","6.72","6","350","1","0","103","25","3.5","{""sprinter"":3,""stalker"":4,""shield"":1,""grunt"":2,""runner"":1}"
"86","2","护卫纵队","14","1128","370","1529.61","8.328","7","877.61","7","1","174","28","3.5","{""stalker"":6,""shield"":6,""warder"":1,""berserker"":1}"
"86","3","密集围攻","17","1534","0","1635.106","10.662","7","1063.106","0","1","185","31","3.5","{""grunt"":4,""stalker"":3,""swarm"":3,""splitter"":2,""berserker"":1,""broodmother"":3,""emp"":1}"
"86","4","重装推进","20","3308","84","5177.491","10.171","8","2528.932","6","3","284","34","3.5","{""tank"":4,""warder"":1,""regenerator"":4,""berserker"":4,""broodmother"":1,""siege"":1,""stalker"":3,""support"":1,""sprinter"":1}"
"86","5","联合攻势","23","3243","94","3954.499","10.275","10","1926.981","2","3","275","37","3.5","{""stalker"":12,""berserker"":3,""broodmother"":2,""support"":1,""sprinter"":3,""siege"":1,""warder"":1}"
"86","6","急行突袭","25","2688","0","3215.282","10.304","10","1770.171","1","1","251","40","3.5","{""stalker"":9,""broodmother"":1,""grunt"":4,""runner"":4,""sprinter"":5,""siege"":1,""berserker"":1}"
"86","7","护卫纵队","27","4179","336","6602.834","11.225","10","2549.072","10","4","375","43","3.5","{""tank"":6,""emp"":2,""shield"":4,""stalker"":10,""sprinter"":1,""support"":2,""berserker"":1,""broodmother"":1}"
"86","8","密集围攻","29","3929","111","4256.325","11.041","11","2157.659","1","3","321","46","3.5","{""swarm"":6,""support"":2,""splitter"":5,""sprinter"":2,""broodmother"":5,""stalker"":3,""grunt"":4,""warder"":1,""berserker"":1}"
"86","9","重装推进","31","6000","0","8231.966","10.949","12","3465.727","4","0","379","49","3.5","{""regenerator"":6,""sprinter"":2,""berserker"":7,""stalker"":11,""tank"":4,""broodmother"":1}"
"86","10","联合攻势","33","6711","0","8288.607","10.913","13","3623.209","2","3","408","52","3.5","{""stalker"":17,""siege"":2,""berserker"":5,""broodmother"":5,""emp"":1,""sprinter"":3}"
"86","11","急行突袭","35","4394","0","4594.444","9.892","14","1992.222","0","1","347","55","3.5","{""grunt"":6,""stalker"":11,""runner"":6,""sprinter"":7,""berserker"":2,""broodmother"":2,""emp"":1}"
"86","12","决胜波次","37","7582","1414","11749.199","10.465","15","5074.6","18","6","495","58","0","{""shield"":7,""warder"":5,""stalker"":13,""berserker"":2,""broodmother"":2,""tank"":6,""support"":1,""sprinter"":1}"
"87","1","护卫纵队","11","715","172","913.561","6.72","6","582.561","4","1","139","25","3.5","{""stalker"":5,""shield"":4,""support"":1,""berserker"":1}"
"87","2","密集围攻","14","970","204","1205.61","8.328","7","721.61","4","1","165","28","3.5","{""shield"":4,""stalker"":2,""grunt"":2,""swarm"":2,""berserker"":1,""splitter"":2,""emp"":1}"
"87","3","重装推进","17","2135","74","3110.658","10.967","7","1560.018","4","2","225","31","3.5","{""stalker"":5,""warder"":1,""tank"":3,""berserker"":3,""regenerator"":2,""broodmother"":1,""support"":1,""sprinter"":1}"
"87","4","联合攻势","20","2221","0","2335.821","9.478","9","1342.821","0","1","224","34","3.5","{""broodmother"":3,""berserker"":1,""stalker"":12,""emp"":1,""sprinter"":3}"
"87","5","急行突袭","23","2393","0","2889.981","10.057","10","1504","1","1","232","37","3.5","{""sprinter"":5,""broodmother"":1,""stalker"":8,""grunt"":4,""runner"":3,""siege"":1,""berserker"":1}"
"87","6","护卫纵队","25","3628","520","5491.234","10.922","10","2551.758","10","3","324","40","3.5","{""stalker"":11,""emp"":1,""tank"":4,""shield"":4,""sprinter"":1,""warder"":2,""berserker"":1,""broodmother"":1}"
"87","7","密集围攻","27","3563","105","3873.358","11.032","10","1747.024","1","3","305","43","3.5","{""grunt"":6,""support"":2,""swarm"":4,""sprinter"":1,""splitter"":4,""stalker"":3,""broodmother"":5,""warder"":1,""berserker"":1}"
"87","8","重装推进","29","6170","0","9836.483","11.764","11","4062.595","8","2","391","46","3.5","{""tank"":6,""sprinter"":2,""regenerator"":5,""stalker"":8,""berserker"":5,""siege"":2,""broodmother"":1}"
"87","9","联合攻势","31","6208","232","8344.049","11.118","12","3545.512","5","6","398","49","3.5","{""stalker"":15,""siege"":3,""warder"":2,""berserker"":4,""broodmother"":3,""support"":1,""sprinter"":3}"
"87","10","急行突袭","33","3814","0","3970.287","10.134","13","1816.921","0","1","326","52","3.5","{""stalker"":12,""grunt"":6,""runner"":6,""berserker"":2,""sprinter"":5,""broodmother"":1,""emp"":1}"
"87","11","护卫纵队","35","6662","868","10166.444","10.895","13","4372.222","14","6","480","55","3.5","{""tank"":6,""warder"":2,""shield"":6,""berserker"":2,""stalker"":12,""broodmother"":2,""support"":4,""sprinter"":1}"
"87","12","决胜波次","37","6384","0","6826.818","10.465","15","3014.409","0","0","393","58","0","{""swarm"":7,""berserker"":2,""splitter"":6,""broodmother"":8,""stalker"":7,""grunt"":6,""sprinter"":1}"
"88","1","密集围攻","11","660","129","815.561","6.72","6","527.561","3","0","125","25","3.5","{""splitter"":2,""stalker"":2,""shield"":3,""grunt"":2,""berserker"":1,""swarm"":1}"
"88","2","重装推进","14","1447","319","1949.939","8.328","7","1094.829","6","2","195","28","3.5","{""berserker"":4,""warder"":1,""shield"":5,""regenerator"":2,""stalker"":1,""support"":1}"
"88","3","联合攻势","17","1882","0","2055.984","10.662","7","1253.984","0","1","200","31","3.5","{""berserker"":3,""broodmother"":3,""stalker"":7,""support"":1,""sprinter"":3}"
"88","4","急行突袭","20","1793","0","2195.444","9.247","9","1290","1","1","201","34","3.5","{""runner"":4,""broodmother"":1,""sprinter"":5,""stalker"":7,""grunt"":2,""siege"":1}"
"88","5","护卫纵队","23","3058","225","4550.124","10.494","10","2147.552","7","3","306","37","3.5","{""stalker"":10,""emp"":1,""support"":2,""tank"":4,""sprinter"":1,""shield"":3,""berserker"":1,""broodmother"":1}"
"88","6","密集围攻","25","3413","100","3736.837","10.922","10","1725.504","1","2","285","40","3.5","{""broodmother"":6,""support"":1,""grunt"":4,""sprinter"":1,""swarm"":4,""stalker"":3,""splitter"":4,""warder"":1,""berserker"":1}"
"88","7","重装推进","27","4578","0","6395.551","11.032","10","2896.621","4","0","327","43","3.5","{""stalker"":11,""sprinter"":2,""tank"":4,""regenerator"":4,""berserker"":5,""broodmother"":1}"
"88","8","联合攻势","29","5009","0","6267.976","11.041","11","2720.976","2","3","350","46","3.5","{""stalker"":17,""siege"":2,""berserker"":3,""broodmother"":3,""emp"":1,""sprinter"":3}"
"88","9","急行突袭","31","3393","0","3484.512","10.275","12","1611.512","0","1","302","49","3.5","{""sprinter"":7,""stalker"":12,""grunt"":5,""berserker"":1,""runner"":4,""broodmother"":1,""emp"":1}"
"88","10","护卫纵队","33","6305","1076","9901.129","11.225","12","3731.017","16","5","445","52","3.5","{""stalker"":11,""warder"":4,""tank"":6,""berserker"":2,""shield"":6,""broodmother"":2,""support"":1,""sprinter"":1}"
"88","11","密集围攻","35","5741","0","6127.556","10.752","13","2700.889","0","0","373","55","3.5","{""grunt"":6,""berserker"":2,""swarm"":6,""broodmother"":7,""splitter"":6,""stalker"":7,""sprinter"":1}"
"88","12","决胜波次","37","10263","0","16529.42","10.989","14","7286.466","11","4","521","58","0","{""tank"":7,""broodmother"":2,""regenerator"":6,""stalker"":9,""berserker"":7,""siege"":4,""sprinter"":2}"
"89","1","重装推进","11","970","226","1324.183","6.72","6","840.183","5","1","148","25","3.5","{""regenerator"":2,""warder"":1,""berserker"":3,""shield"":4,""stalker"":1}"
"89","2","联合攻势","14","1204","153","1451.829","8.328","7","916.829","3","1","173","28","3.5","{""stalker"":6,""berserker"":3,""shield"":3,""emp"":1,""sprinter"":1}"
"89","3","急行突袭","17","1362","0","1715.556","10.358","7","1060","1","1","172","31","3.5","{""grunt"":4,""broodmother"":1,""runner"":3,""stalker"":5,""sprinter"":3,""siege"":1}"
"89","4","护卫纵队","20","2267","436","3277.535","9.247","9","1667.048","8","3","255","34","3.5","{""shield"":4,""emp"":1,""stalker"":9,""warder"":2,""sprinter"":1,""tank"":2,""berserker"":1}"
"89","5","密集围攻","23","2942","94","3219.759","10.713","10","1705.87","1","2","265","37","3.5","{""splitter"":4,""support"":1,""broodmother"":5,""sprinter"":1,""grunt"":4,""stalker"":3,""swarm"":3,""warder"":1,""berserker"":1}"
"89","6","重装推进","25","4951","0","7617.088","11.334","10","3309.099","6","2","341","40","3.5","{""berserker"":6,""sprinter"":1,""stalker"":7,""siege"":2,""tank"":4,""regenerator"":4,""broodmother"":1}"
"89","7","联合攻势","27","4912","105","6687.073","11.225","10","3126.024","4","5","344","43","3.5","{""sprinter"":5,""siege"":3,""stalker"":11,""warder"":1,""berserker"":3,""broodmother"":3,""support"":1}"
"89","8","急行突袭","29","2936","0","3022.992","10.317","12","1485.992","0","1","284","46","3.5","{""runner"":6,""stalker"":10,""sprinter"":6,""berserker"":1,""grunt"":4,""broodmother"":1,""emp"":1}"
"89","9","护卫纵队","31","5223","604","7826.501","10.949","12","3226.703","11","6","420","49","3.5","{""stalker"":12,""warder"":2,""berserker"":2,""support"":4,""tank"":5,""broodmother"":1,""shield"":4,""sprinter"":1}"
"89","10","密集围攻","33","5326","0","5731.176","11.225","12","2226.033","0","0","350","52","3.5","{""broodmother"":8,""berserker"":2,""grunt"":6,""swarm"":6,""stalker"":6,""splitter"":4,""sprinter"":1}"
"89","11","重装推进","35","7923","0","11731.444","11.039","13","5163","7","1","448","55","3.5","{""stalker"":12,""broodmother"":2,""tank"":6,""regenerator"":6,""berserker"":6,""sprinter"":2,""siege"":1}"
"89","12","决胜波次","37","6684","0","7076.005","10.073","16","3567.228","0","4","439","58","0","{""broodmother"":5,""emp"":4,""stalker"":19,""sprinter"":6,""berserker"":3}"
"90","1","联合攻势","11","872","140","1091.683","6.72","6","720.122","3","1","136","25","3.5","{""stalker"":5,""berserker"":3,""shield"":2,""warder"":1}"
"90","2","急行突袭","14","772","102","874","8.328","7","442","2","0","136","28","3.5","{""stalker"":5,""shield"":2,""grunt"":2,""runner"":2,""sprinter"":3}"
"90","3","护卫纵队","17","1733","177","2849.048","10.967","7","1285.524","7","2","228","31","3.5","{""tank"":4,""emp"":1,""shield"":3,""stalker"":7,""sprinter"":1,""support"":1}"
"90","4","密集围攻","20","2239","84","2462.266","9.478","9","1300.377","1","2","229","34","3.5","{""swarm"":4,""support"":1,""splitter"":4,""sprinter"":1,""broodmother"":4,""stalker"":2,""grunt"":2,""warder"":1,""berserker"":1}"
"90","5","重装推进","23","3597","0","4920.985","10.494","10","2440.589","3","0","282","37","3.5","{""regenerator"":4,""sprinter"":1,""berserker"":5,""stalker"":9,""tank"":3,""broodmother"":1}"
"90","6","联合攻势","25","3754","0","4437.846","10.716","10","1961.171","1","2","296","40","3.5","{""stalker"":14,""siege"":1,""sprinter"":3,""berserker"":3,""broodmother"":3,""emp"":1}"
"90","7","急行突袭","27","2635","0","2717.691","10.257","11","1349.691","0","1","264","43","3.5","{""grunt"":6,""stalker"":9,""runner"":4,""sprinter"":5,""berserker"":1,""broodmother"":1,""emp"":1}"
"90","8","护卫纵队","29","4807","978","7335.222","11.041","11","3165.278","14","5","386","46","3.5","{""shield"":6,""warder"":4,""stalker"":10,""berserker"":2,""broodmother"":1,""tank"":4,""support"":1,""sprinter"":1}"
"90","9","密集围攻","31","5167","0","5554.024","11.454","12","2093.512","0","0","350","49","3.5","{""splitter"":6,""berserker"":2,""broodmother"":8,""grunt"":5,""stalker"":5,""swarm"":4,""sprinter"":1}"
"90","10","重装推进","33","8577","0","13814.958","11.693","12","5236.827","10","4","472","52","3.5","{""berserker"":7,""broodmother"":2,""stalker"":9,""siege"":4,""tank"":6,""regenerator"":4,""sprinter"":1}"
"90","11","联合攻势","35","6968","128","8172.111","10.609","14","4395.667","2","6","447","55","3.5","{""berserker"":5,""emp"":2,""broodmother"":5,""stalker"":15,""sprinter"":4,""support"":2,""siege"":1,""warder"":1}"
"90","12","小首领 · 菌甲督军","33","4849","0","4887.889","8.468","16","3092.889","0","4","404","58","0","{""runner"":5,""support"":4,""sprinter"":6,""stalker"":10,""grunt"":6,""菌甲督军"":1,""broodmother"":1}"
"91","1","急行突袭","11","504","43","547","6.72","6","361","1","0","103","25","3.5","{""sprinter"":3,""shield"":1,""stalker"":4,""grunt"":2,""runner"":1}"
"91","2","护卫纵队","14","1046","319","1365","8.328","7","814","6","2","175","28","3.5","{""stalker"":6,""emp"":1,""shield"":5,""sprinter"":1,""warder"":1}"
"91","3","密集围攻","17","1437","74","1590.55","10.358","7","873.111","1","2","182","31","3.5","{""grunt"":4,""support"":1,""swarm"":3,""sprinter"":1,""splitter"":2,""stalker"":2,""broodmother"":2,""warder"":1,""berserker"":1}"
"91","4","重装推进","20","3237","0","5022.491","10.171","9","2514.73","5","1","269","34","3.5","{""tank"":4,""sprinter"":1,""regenerator"":4,""stalker"":5,""berserker"":4,""siege"":1,""broodmother"":1}"
"91","5","联合攻势","23","3567","94","4701.499","10.494","9","2339","3","4","289","37","3.5","{""stalker"":11,""siege"":2,""support"":1,""sprinter"":3,""berserker"":3,""broodmother"":2,""warder"":1}"
"91","6","急行突袭","25","2376","0","2454.282","10.098","10","1278.282","0","1","248","40","3.5","{""stalker"":9,""grunt"":4,""runner"":4,""berserker"":1,""sprinter"":5,""broodmother"":1,""emp"":1}"
"91","7","护卫纵队","27","4285","546","6918.834","11.225","10","2692.072","12","5","374","43","3.5","{""tank"":6,""warder"":2,""shield"":4,""berserker"":1,""stalker"":9,""broodmother"":1,""support"":3,""sprinter"":1}"
"91","8","密集围攻","29","4166","0","4469.317","11.041","11","1924.659","0","0","308","46","3.5","{""swarm"":6,""berserker"":2,""splitter"":5,""broodmother"":6,""stalker"":5,""grunt"":4,""sprinter"":1}"
"91","9","重装推进","31","6615","0","9404.966","11.286","11","4033.227","5","1","400","49","3.5","{""regenerator"":6,""broodmother"":2,""berserker"":7,""stalker"":10,""tank"":4,""sprinter"":1,""siege"":1}"
"91","10","联合攻势","33","5919","0","6398.607","10.601","13","2781.209","0","3","400","52","3.5","{""stalker"":16,""emp"":3,""berserker"":5,""broodmother"":5,""sprinter"":4}"
"91","11","急行突袭","35","4077","128","4305.222","9.892","14","2225.222","1","3","349","55","3.5","{""grunt"":6,""support"":2,""runner"":6,""sprinter"":8,""stalker"":10,""warder"":1,""berserker"":1,""broodmother"":1}"
"91","12","决胜波次","37","6956","1148","10752.457","10.334","15","4831.6","16","3","463","58","0","{""shield"":7,""sprinter"":2,""stalker"":17,""warder"":3,""tank"":6,""berserker"":1,""broodmother"":1}"
"92","1","护卫纵队","11","655","172","827","6.72","6","529","4","2","144","25","3.5","{""stalker"":4,""emp"":1,""support"":1,""shield"":4,""sprinter"":1}"
"92","2","密集围攻","14","911","268","1179","8.328","7","709","5","2","163","28","3.5","{""shield"":4,""support"":1,""grunt"":2,""sprinter"":1,""swarm"":2,""splitter"":2,""stalker"":1,""warder"":1}"
"92","3","重装推进","17","2073","0","2974.658","10.662","7","1298.14","3","0","210","31","3.5","{""stalker"":7,""sprinter"":1,""tank"":3,""regenerator"":2,""berserker"":3,""broodmother"":1}"
"92","4","联合攻势","20","2532","0","3024.821","9.709","9","1711.889","1","2","240","34","3.5","{""broodmother"":3,""siege"":1,""stalker"":12,""emp"":1,""sprinter"":2,""berserker"":1}"
"92","5","急行突袭","23","2099","0","2172.981","9.838","10","1155.981","0","1","229","37","3.5","{""sprinter"":5,""stalker"":8,""grunt"":4,""berserker"":1,""runner"":3,""broodmother"":1,""emp"":1}"
"92","6","护卫纵队","25","3680","620","5643.234","10.922","10","2733.758","11","4","328","40","3.5","{""stalker"":10,""warder"":3,""tank"":4,""berserker"":1,""shield"":4,""broodmother"":1,""support"":1,""sprinter"":1}"
"92","7","密集围攻","27","3599","0","3856.382","11.032","10","1633.358","0","0","285","43","3.5","{""grunt"":6,""berserker"":2,""swarm"":4,""broodmother"":5,""splitter"":4,""stalker"":5,""sprinter"":1}"
"92","8","重装推进","29","6755","0","10952.816","12.126","11","4549.603","9","3","412","46","3.5","{""tank"":6,""broodmother"":2,""regenerator"":5,""stalker"":7,""berserker"":5,""siege"":3,""sprinter"":1}"
"92","9","联合攻势","31","5480","232","6568.049","10.781","12","2904.512","3","6","392","49","3.5","{""stalker"":15,""emp"":2,""warder"":2,""berserker"":4,""sprinter"":3,""broodmother"":3,""support"":1,""siege"":1}"
"92","10","急行突袭","33","3704","122","3921.921","10.134","13","2002.921","1","3","333","52","3.5","{""stalker"":10,""support"":2,""grunt"":6,""sprinter"":6,""runner"":6,""warder"":1,""berserker"":1,""broodmother"":1}"
"92","11","护卫纵队","35","6063","612","9211.222","10.752","13","4139.222","12","3","448","55","3.5","{""tank"":6,""sprinter"":2,""shield"":6,""stalker"":16,""support"":3,""berserker"":1,""broodmother"":1}"
"92","12","决胜波次","37","7094","0","8697.93","10.596","14","3669.52","2","2","416","58","0","{""swarm"":7,""siege"":2,""splitter"":6,""stalker"":6,""broodmother"":7,""grunt"":6,""berserker"":2,""sprinter"":1}"
"93","1","密集围攻","11","584","129","713","6.72","6","474","3","1","128","25","3.5","{""splitter"":2,""support"":1,""shield"":3,""sprinter"":1,""grunt"":2,""swarm"":1,""stalker"":1}"
"93","2","重装推进","14","1376","255","1814.939","8.328","7","914.22","5","0","178","28","3.5","{""berserker"":4,""sprinter"":1,""shield"":5,""stalker"":2,""regenerator"":2}"
"93","3","联合攻势","17","2155","0","2660.984","10.967","7","1577.989","1","2","216","31","3.5","{""berserker"":3,""siege"":1,""broodmother"":3,""stalker"":7,""support"":1,""sprinter"":2}"
"93","4","急行突袭","20","1631","0","1696.932","9.016","9","972.932","0","1","202","34","3.5","{""runner"":4,""stalker"":6,""sprinter"":5,""berserker"":1,""grunt"":2,""broodmother"":1,""emp"":1}"
"93","5","护卫纵队","23","3107","319","4693.124","10.713","10","2229.552","8","4","310","37","3.5","{""stalker"":9,""warder"":1,""berserker"":1,""support"":3,""tank"":4,""broodmother"":1,""shield"":3,""sprinter"":1}"
"93","6","密集围攻","25","3329","0","3552.837","10.922","10","1425.504","0","0","270","40","3.5","{""broodmother"":6,""berserker"":1,""grunt"":4,""swarm"":4,""stalker"":5,""splitter"":4,""sprinter"":1}"
"93","7","重装推进","27","5133","0","7455.217","11.419","10","3332.93","5","1","348","43","3.5","{""stalker"":10,""broodmother"":2,""tank"":4,""regenerator"":4,""berserker"":5,""sprinter"":1,""siege"":1}"
"93","8","联合攻势","29","4315","0","4575.976","10.679","12","2289.642","0","3","344","46","3.5","{""stalker"":17,""emp"":3,""sprinter"":3,""berserker"":3,""broodmother"":3}"
"93","9","急行突袭","31","3428","116","3635.512","10.275","12","1785.512","1","3","313","49","3.5","{""sprinter"":8,""support"":2,""stalker"":9,""grunt"":5,""runner"":4,""warder"":1,""berserker"":1,""broodmother"":1}"
"93","10","护卫纵队","33","5731","832","8987.207","11.069","12","3508.017","14","2","413","52","3.5","{""stalker"":15,""sprinter"":2,""tank"":6,""shield"":6,""warder"":2,""berserker"":1,""broodmother"":1}"
"93","11","密集围攻","35","6422","0","7921.333","10.895","13","3478.667","2","2","396","55","3.5","{""grunt"":6,""siege"":2,""swarm"":6,""stalker"":6,""splitter"":6,""broodmother"":6,""berserker"":2,""sprinter"":1}"
"93","12","决胜波次","37","10039","0","15771.274","10.858","14","6518.355","10","4","524","58","0","{""tank"":7,""stalker"":9,""regenerator"":6,""berserker"":8,""siege"":3,""broodmother"":2,""emp"":1,""sprinter"":1}"
"94","1","重装推进","11","847","172","1120.622","6.72","6","687.622","4","0","136","25","3.5","{""regenerator"":2,""sprinter"":1,""berserker"":2,""shield"":4,""stalker"":2}"
"94","2","联合攻势","14","1230","204","1528.829","8.328","7","829.22","4","1","179","28","3.5","{""stalker"":6,""shield"":4,""berserker"":3,""emp"":1}"
"94","3","急行突袭","17","1239","0","1296.995","10.053","7","778.995","0","1","175","31","3.5","{""grunt"":4,""stalker"":5,""runner"":3,""sprinter"":2,""berserker"":1,""broodmother"":1,""emp"":1}"
"94","4","护卫纵队","20","2443","520","3561.98","9.478","9","1898.98","9","4","264","34","3.5","{""shield"":4,""warder"":3,""stalker"":7,""berserker"":1,""broodmother"":1,""tank"":2,""support"":1,""sprinter"":1}"
"94","5","密集围攻","23","2863","0","3046.759","10.713","10","1508.87","0","0","250","37","3.5","{""splitter"":4,""berserker"":1,""broodmother"":5,""grunt"":4,""stalker"":5,""swarm"":3,""sprinter"":1}"
"94","6","重装推进","25","5295","0","8410.088","11.54","9","3792.147","7","3","355","40","3.5","{""berserker"":6,""broodmother"":1,""stalker"":6,""siege"":3,""tank"":4,""regenerator"":4,""sprinter"":1}"
"94","7","联合攻势","27","4254","105","5081.073","10.838","10","2467.049","2","5","338","43","3.5","{""sprinter"":5,""emp"":2,""stalker"":11,""siege"":1,""warder"":1,""berserker"":3,""broodmother"":3,""support"":1}"
"94","8","急行突袭","29","2971","111","3168.992","10.317","12","1699.992","1","3","295","46","3.5","{""runner"":6,""support"":2,""sprinter"":7,""stalker"":7,""grunt"":4,""warder"":1,""berserker"":1,""broodmother"":1}"
"94","9","护卫纵队","31","4859","372","7172.988","10.949","12","3014.703","9","3","393","49","3.5","{""stalker"":15,""sprinter"":2,""support"":3,""tank"":5,""shield"":4,""berserker"":1,""broodmother"":1}"
"94","10","密集围攻","33","5829","0","7236.255","11.381","12","2968.477","2","2","369","52","3.5","{""broodmother"":7,""siege"":2,""grunt"":6,""stalker"":6,""swarm"":6,""splitter"":4,""berserker"":1,""sprinter"":1}"
"94","11","重装推进","35","7709","0","11005.444","10.752","13","4675.222","6","1","451","55","3.5","{""stalker"":12,""tank"":6,""regenerator"":6,""berserker"":7,""broodmother"":2,""emp"":1,""sprinter"":1}"
"94","12","决胜波次","37","7224","266","7986.748","10.204","16","3810.228","2","5","449","58","0","{""broodmother"":6,""warder"":2,""stalker"":17,""berserker"":4,""emp"":2,""sprinter"":5,""support"":1}"
"95","1","联合攻势","11","872","140","1091.683","6.72","6","760.683","3","1","136","25","3.5","{""stalker"":5,""shield"":2,""warder"":1,""berserker"":3}"
"95","2","急行突袭","14","876","51","958.61","8.328","7","587.61","1","1","149","28","3.5","{""stalker"":5,""grunt"":2,""runner"":2,""berserker"":1,""sprinter"":2,""shield"":1,""emp"":1}"
"95","3","护卫纵队","17","1975","251","3223.042","11.272","7","1520.963","8","3","241","31","3.5","{""tank"":4,""warder"":1,""shield"":3,""berserker"":1,""stalker"":4,""broodmother"":1,""support"":2,""sprinter"":1}"
"95","4","密集围攻","20","2168","0","2307.266","9.709","9","1318.821","0","0","214","34","3.5","{""swarm"":4,""berserker"":1,""splitter"":4,""broodmother"":4,""stalker"":4,""grunt"":2,""sprinter"":1}"
"95","5","重装推进","23","3921","0","5667.985","10.713","9","2729.608","4","1","296","37","3.5","{""regenerator"":4,""broodmother"":1,""berserker"":5,""stalker"":8,""tank"":3,""sprinter"":1,""siege"":1}"
"95","6","联合攻势","25","3442","0","3676.846","10.51","10","2039.846","0","2","293","40","3.5","{""stalker"":14,""emp"":2,""sprinter"":3,""berserker"":3,""broodmother"":3}"
"95","7","急行突袭","27","2691","105","2878.691","10.257","11","1530.691","1","3","277","43","3.5","{""grunt"":6,""support"":2,""runner"":4,""sprinter"":5,""stalker"":7,""warder"":1,""berserker"":1,""broodmother"":1}"
"95","8","护卫纵队","29","4460","756","6711.563","11.041","11","3068.278","12","2","359","46","3.5","{""shield"":6,""sprinter"":2,""stalker"":13,""warder"":2,""tank"":4,""berserker"":1,""broodmother"":1}"
"95","9","密集围攻","31","5647","0","6990.512","11.623","11","2801.512","2","2","369","49","3.5","{""splitter"":6,""siege"":2,""broodmother"":7,""stalker"":5,""grunt"":5,""swarm"":4,""berserker"":1,""sprinter"":1}"
"95","10","重装推进","33","8151","0","12864.768","11.381","12","4771.748","9","4","468","52","3.5","{""berserker"":8,""stalker"":9,""siege"":3,""tank"":6,""regenerator"":4,""broodmother"":1,""emp"":1,""sprinter"":1}"
"95","11","联合攻势","35","7483","384","9043.333","10.752","14","4348.444","4","7","457","55","3.5","{""berserker"":6,""warder"":3,""broodmother"":6,""stalker"":13,""support"":3,""sprinter"":3,""siege"":1}"
"95","12","小首领 · 电磁监察官","33","5656","133","6064.339","8.599","16","3707.596","1","2","395","58","0","{""runner"":5,""berserker"":3,""sprinter"":4,""broodmother"":2,""stalker"":11,""grunt"":6,""电磁监察官"":1,""warder"":1}"
"96","1","急行突袭","11","582","43","651.561","6.72","6","397.561","1","0","109","25","3.5","{""sprinter"":2,""stalker"":4,""grunt"":2,""berserker"":1,""runner"":1,""shield"":1}"
"96","2","护卫纵队","14","1173","383","1587.61","8.328","7","999.61","7","3","185","28","3.5","{""stalker"":5,""warder"":2,""shield"":5,""berserker"":1,""support"":1}"
"96","3","密集围攻","17","1491","0","1592.106","10.662","7","821.111","0","0","172","31","3.5","{""grunt"":4,""berserker"":1,""swarm"":3,""broodmother"":3,""splitter"":2,""stalker"":3,""sprinter"":1}"
"96","4","重装推进","20","3426","0","5548.003","10.403","9","2904.535","6","2","279","34","3.5","{""tank"":4,""broodmother"":1,""regenerator"":4,""stalker"":5,""berserker"":3,""siege"":2,""sprinter"":1}"
"96","5","联合攻势","23","3273","94","3984.499","10.057","10","1891.499","2","4","286","37","3.5","{""stalker"":11,""emp"":1,""support"":1,""sprinter"":3,""siege"":1,""warder"":1,""berserker"":3,""broodmother"":2}"
"96","6","急行突袭","25","2428","100","2606.282","10.098","10","1408.282","1","2","252","40","3.5","{""stalker"":8,""support"":1,""grunt"":4,""sprinter"":5,""runner"":4,""warder"":1,""berserker"":1,""broodmother"":1}"
"96","7","护卫纵队","27","4084","336","6507.834","11.225","10","2515.072","10","2","351","43","3.5","{""tank"":6,""sprinter"":2,""shield"":4,""stalker"":11,""support"":2,""berserker"":1,""broodmother"":1}"
"96","8","密集围攻","29","4624","0","5838.325","11.402","11","2599.325","2","2","327","46","3.5","{""swarm"":6,""siege"":2,""splitter"":5,""stalker"":5,""broodmother"":5,""grunt"":4,""berserker"":1,""sprinter"":1}"
"96","9","重装推进","31","6067","0","8298.966","10.949","12","3503.727","4","1","392","49","3.5","{""regenerator"":6,""stalker"":11,""berserker"":7,""tank"":4,""broodmother"":1,""emp"":1,""sprinter"":1}"
"96","10","联合攻势","33","6413","244","7232.528","10.757","13","3103.764","2","4","410","52","3.5","{""stalker"":14,""warder"":2,""berserker"":6,""broodmother"":6,""emp"":1,""support"":1,""sprinter"":3}"
"96","11","急行突袭","35","4352","0","4552.444","10.035","14","1992.222","0","0","336","55","3.5","{""grunt"":6,""berserker"":2,""runner"":6,""broodmother"":2,""sprinter"":7,""stalker"":12}"
"96","12","决胜波次","37","7626","1148","12061.346","10.596","14","5642.711","17","4","482","58","0","{""shield"":7,""broodmother"":2,""stalker"":15,""warder"":3,""tank"":6,""sprinter"":2,""siege"":1,""berserker"":1}"
"97","1","护卫纵队","11","760","226","1012.561","6.72","6","633.561","5","2","145","25","3.5","{""stalker"":4,""warder"":1,""berserker"":1,""support"":1,""shield"":4}"
"97","2","密集围攻","14","933","204","1168.61","8.328","7","653.61","4","0","152","28","3.5","{""shield"":4,""berserker"":1,""grunt"":2,""swarm"":2,""stalker"":2,""splitter"":2,""sprinter"":1}"
"97","3","重装推进","17","2239","0","3436.219","11.272","7","1688.64","4","1","220","31","3.5","{""stalker"":7,""broodmother"":1,""tank"":3,""regenerator"":2,""berserker"":2,""sprinter"":1,""siege"":1}"
"97","4","联合攻势","20","2116","0","2206.377","9.247","9","1049.889","0","2","230","34","3.5","{""broodmother"":2,""emp"":2,""stalker"":12,""sprinter"":3,""berserker"":1}"
"97","5","急行突袭","23","2148","94","2315.981","9.838","10","1345.981","1","2","233","37","3.5","{""sprinter"":5,""support"":1,""stalker"":7,""grunt"":4,""runner"":3,""warder"":1,""berserker"":1,""broodmother"":1}"
"97","6","护卫纵队","25","3596","520","5459.234","10.922","10","2551.758","10","2","313","40","3.5","{""stalker"":12,""sprinter"":1,""tank"":4,""shield"":4,""warder"":2,""berserker"":1,""broodmother"":1}"
"97","7","密集围攻","27","4199","0","5352.358","11.419","10","2265.333","2","2","309","43","3.5","{""grunt"":6,""siege"":2,""swarm"":4,""stalker"":4,""splitter"":4,""broodmother"":5,""berserker"":1,""sprinter"":1}"
"97","8","重装推进","29","6233","0","9899.483","11.764","11","3964.595","8","3","404","46","3.5","{""tank"":6,""stalker"":8,""regenerator"":5,""berserker"":5,""siege"":2,""broodmother"":1,""emp"":1,""sprinter"":1}"
"97","9","联合攻势","31","5739","464","7116.561","10.781","12","3180.024","5","7","395","49","3.5","{""stalker"":13,""warder"":4,""berserker"":5,""broodmother"":3,""support"":2,""sprinter"":3,""siege"":1}"
"97","10","急行突袭","33","3966","0","4157.843","10.29","13","1776.921","0","0","320","52","3.5","{""stalker"":12,""berserker"":2,""grunt"":6,""broodmother"":2,""runner"":6,""sprinter"":5}"
"97","11","护卫纵队","35","6705","612","10465.444","11.039","13","4917","13","4","467","55","3.5","{""tank"":6,""broodmother"":2,""shield"":6,""stalker"":14,""support"":3,""sprinter"":2,""siege"":1,""berserker"":1}"
"97","12","决胜波次","37","6067","0","6405.076","10.334","15","3057.409","0","2","404","58","0","{""swarm"":7,""emp"":2,""splitter"":6,""stalker"":6,""broodmother"":7,""sprinter"":2,""grunt"":6,""berserker"":1}"
"98","1","密集围攻","11","660","129","815.561","6.72","6","624.561","3","0","125","25","3.5","{""splitter"":2,""berserker"":1,""shield"":3,""grunt"":2,""stalker"":2,""swarm"":1}"
"98","2","重装推进","14","1309","306","1767.329","8.328","7","930.22","6","0","178","28","3.5","{""berserker"":3,""shield"":6,""stalker"":2,""regenerator"":2,""sprinter"":1}"
"98","3","联合攻势","17","1702","0","1817.989","10.358","7","1015.989","0","2","202","31","3.5","{""berserker"":2,""emp"":1,""broodmother"":2,""stalker"":8,""sprinter"":3,""support"":1}"
"98","4","急行突袭","20","1675","84","1824.932","8.784","9","1059.932","1","2","206","34","3.5","{""runner"":4,""support"":1,""sprinter"":5,""stalker"":5,""grunt"":2,""warder"":1,""berserker"":1,""broodmother"":1}"
"98","5","护卫纵队","23","3028","225","4520.124","10.713","9","2061.108","7","2","295","37","3.5","{""stalker"":11,""sprinter"":1,""support"":2,""tank"":4,""shield"":3,""berserker"":1,""broodmother"":1}"
"98","6","密集围攻","25","3673","0","4345.837","11.128","10","1864.222","1","1","284","40","3.5","{""broodmother"":6,""siege"":1,""grunt"":4,""stalker"":4,""swarm"":4,""splitter"":4,""berserker"":1,""sprinter"":1}"
"98","7","重装推进","27","4639","0","6456.551","11.032","10","2912.121","4","1","340","43","3.5","{""stalker"":11,""tank"":4,""regenerator"":4,""berserker"":5,""broodmother"":1,""emp"":1,""sprinter"":1}"
"98","8","联合攻势","29","4563","222","5100.634","10.679","12","2463.976","2","4","347","46","3.5","{""stalker"":15,""warder"":2,""berserker"":4,""broodmother"":3,""support"":1,""sprinter"":3,""emp"":1}"
"98","9","急行突袭","31","3679","0","3862.024","10.444","12","1573.512","0","0","300","49","3.5","{""sprinter"":7,""berserker"":2,""stalker"":11,""broodmother"":2,""grunt"":5,""runner"":4}"
"98","10","护卫纵队","33","6374","832","10214.763","11.381","12","4250.461","15","3","434","52","3.5","{""stalker"":14,""broodmother"":2,""tank"":6,""shield"":6,""warder"":2,""sprinter"":1,""siege"":1,""berserker"":1}"
"98","11","密集围攻","35","5439","0","5725.333","10.609","13","2700.889","0","2","384","55","3.5","{""grunt"":6,""emp"":2,""swarm"":6,""stalker"":6,""splitter"":6,""sprinter"":2,""broodmother"":6,""berserker"":1}"
"98","12","决胜波次","37","9709","133","15469.531","10.727","14","6977.208","11","6","526","58","0","{""tank"":7,""support"":2,""regenerator"":6,""sprinter"":2,""berserker"":7,""stalker"":8,""siege"":3,""warder"":1,""broodmother"":1}"
"99","1","重装推进","11","847","172","1120.622","6.72","6","700.622","4","0","136","25","3.5","{""regenerator"":2,""shield"":4,""berserker"":2,""stalker"":2,""sprinter"":1}"
"99","2","联合攻势","14","1148","153","1364.22","8.328","7","813.22","3","2","180","28","3.5","{""stalker"":6,""emp"":2,""berserker"":2,""shield"":3,""sprinter"":1}"
"99","3","急行突袭","17","1142","74","1252.439","9.748","7","690.439","1","2","172","31","3.5","{""grunt"":4,""support"":1,""runner"":3,""sprinter"":3,""stalker"":4,""warder"":1,""berserker"":1}"
"99","4","护卫纵队","20","2372","436","3406.98","9.478","9","1905.98","8","2","249","34","3.5","{""shield"":4,""sprinter"":1,""stalker"":9,""warder"":2,""tank"":2,""berserker"":1,""broodmother"":1}"
"99","5","密集围攻","23","3187","0","3793.759","10.931","9","1920.889","1","1","264","37","3.5","{""splitter"":4,""siege"":1,""broodmother"":5,""stalker"":4,""grunt"":4,""swarm"":3,""berserker"":1,""sprinter"":1}"
"99","6","重装推进","25","4983","0","7649.088","11.334","9","3273.429","6","3","352","40","3.5","{""berserker"":6,""stalker"":6,""siege"":2,""tank"":4,""regenerator"":4,""broodmother"":1,""emp"":1,""sprinter"":1}"
"99","7","联合攻势","27","4360","315","5397.073","10.838","10","2691.715","4","6","337","43","3.5","{""sprinter"":5,""warder"":3,""stalker"":10,""berserker"":3,""siege"":1,""broodmother"":3,""support"":2}"
"99","8","急行突袭","29","3208","0","3381.984","10.317","12","1496.992","0","0","282","46","3.5","{""runner"":6,""berserker"":2,""sprinter"":6,""broodmother"":2,""stalker"":9,""grunt"":4}"
"99","9","护卫纵队","31","5474","372","8345.988","11.286","11","3722.703","10","4","414","49","3.5","{""stalker"":14,""broodmother"":2,""support"":3,""tank"":5,""shield"":4,""sprinter"":1,""siege"":1,""berserker"":1}"
"99","10","密集围攻","33","5037","0","5346.255","11.069","12","2266.033","0","2","361","52","3.5","{""broodmother"":7,""emp"":2,""grunt"":6,""stalker"":5,""swarm"":6,""sprinter"":2,""splitter"":4,""berserker"":1}"
"99","11","重装推进","35","7392","128","10716.222","10.752","13","4636.222","7","3","453","55","3.5","{""stalker"":11,""support"":2,""tank"":6,""sprinter"":2,""regenerator"":6,""berserker"":6,""warder"":1,""broodmother"":1}"
"99","12","章节首领","39","8864","480","11124.844","13.673","15","5556.581","2","2","607","58","0","{""broodmother"":5,""sprinter"":6,""stalker"":21,""emp"":2,""berserker"":3,""帝国双子元帅 & 灭绝机甲"":2}"